gisco_id,street_name,country,named_after_id,person,gender,category,tag,checked,ignore,named_after_n,named_after_custom_label,session,time
RO_143450,Strada Zaharia Boiu,RO,Q12743969,1,male,,,1,0,1,NA,2fd23cb8afb7fcc5aa58c68a1d6bade4,2023-02-28T14:28:08Z
RO_143450,Strada Octavian Smighelschi,RO,NA,1,male,,,1,0,1,NA,173b434aebe76b3b2ef47fe4880d33fd,2023-02-06T12:42:56Z
RO_143450,Viaductul Mihai Kogălniceanu,RO,Q319759,1,male,,,1,0,1,NA,32e97586cb209af2002dfe11290b31fe,2022-11-28T23:25:02Z
RO_143450,Strada Vrancei,RO,Q182778,0,NA,,,1,0,1,NA,32e97586cb209af2002dfe11290b31fe,2022-11-28T23:24:01Z
RO_143450,Strada Vopsitorilor,RO,Q288728,0,NA,,,1,0,1,NA,32e97586cb209af2002dfe11290b31fe,2022-11-28T23:23:36Z
RO_143450,Strada Viorelelor,RO,Q159275,0,NA,,,1,0,1,NA,3b3c7ffb23db2986b5de9797e6681604,2022-11-21T20:57:01Z
RO_143450,Strada Viilor,RO,Q22715,0,NA,,,1,0,1,NA,3b3c7ffb23db2986b5de9797e6681604,2022-11-21T20:53:15Z
RO_143450,Strada Viile Sibiului,RO,NA,0,NA,,,1,0,1,NA,3b3c7ffb23db2986b5de9797e6681604,2022-11-21T20:50:42Z
RO_143450,Strada Viena,RO,Q1741,0,NA,,,1,0,1,NA,3b3c7ffb23db2986b5de9797e6681604,2022-11-21T20:49:43Z
RO_143450,Strada Victor Tordășianu,RO,NA,1,male,,,1,0,1,NA,3b3c7ffb23db2986b5de9797e6681604,2022-11-21T20:49:26Z
RO_143450,Strada Verzăriei,RO,NA,0,NA,,,1,0,1,NA,3b3c7ffb23db2986b5de9797e6681604,2022-11-21T20:48:47Z
RO_143450,Strada Vasile Aaron,RO,Q783587,1,male,,,1,0,1,NA,3b3c7ffb23db2986b5de9797e6681604,2022-11-21T20:47:54Z
RO_143450,Strada Varului,RO,Q250423,0,NA,,,1,0,1,NA,3b3c7ffb23db2986b5de9797e6681604,2022-11-21T20:47:33Z
RO_143450,Strada Vârtopu,RO,NA,0,NA,,,1,0,1,NA,3b3c7ffb23db2986b5de9797e6681604,2022-11-21T20:46:29Z
RO_143450,Strada Vânătorilor,RO,Q1714828,0,NA,,,1,0,1,NA,3b3c7ffb23db2986b5de9797e6681604,2022-11-21T20:45:54Z
RO_143450,Strada Valea Hotarului,RO,NA,0,NA,,,1,0,1,NA,3b3c7ffb23db2986b5de9797e6681604,2022-11-21T20:42:02Z
RO_143450,Strada Valea Aurie,RO,Q7909593,0,NA,,,1,0,1,NA,3b3c7ffb23db2986b5de9797e6681604,2022-11-21T20:40:56Z
RO_143450,Strada Uzinei,RO,Q83405,0,NA,,,1,0,1,NA,3b3c7ffb23db2986b5de9797e6681604,2022-11-21T20:39:19Z
RO_143450,Strada Urlea,RO,NA,0,NA,,,1,0,1,NA,3b3c7ffb23db2986b5de9797e6681604,2022-11-21T20:37:18Z
RO_143450,Strada Ulmului,RO,Q131113,0,NA,,,1,0,1,NA,3b3c7ffb23db2986b5de9797e6681604,2022-11-21T20:36:52Z
RO_143450,Strada Turnului,RO,Q12518,0,NA,,,1,0,1,NA,3b3c7ffb23db2986b5de9797e6681604,2022-11-21T20:36:10Z
RO_143450,Strada Turismului,RO,Q49389,0,NA,,,1,0,1,NA,3b3c7ffb23db2986b5de9797e6681604,2022-11-21T20:35:34Z
RO_143450,Strada Turgheniev,RO,Q42831,1,male,,,1,0,1,NA,3b3c7ffb23db2986b5de9797e6681604,2022-11-21T20:35:15Z
RO_143450,Strada Tudor Vladimirescu,RO,Q359108,1,male,,,1,0,1,NA,3b3c7ffb23db2986b5de9797e6681604,2022-11-21T20:34:26Z
RO_143450,Strada Trifoiului,RO,Q101538,0,NA,,,1,0,1,NA,3b3c7ffb23db2986b5de9797e6681604,2022-11-21T20:34:11Z
RO_143450,Strada Tribunei,RO,Q41487,0,NA,,,1,0,1,NA,3b3c7ffb23db2986b5de9797e6681604,2022-11-21T19:15:20Z
RO_143450,Strada Triajului,RO,Q519608,0,NA,,,1,0,1,NA,3b3c7ffb23db2986b5de9797e6681604,2022-11-21T19:07:16Z
RO_143450,Strada Trandafirului,RO,Q34687,0,NA,,,1,0,1,NA,3b3c7ffb23db2986b5de9797e6681604,2022-11-21T19:05:47Z
RO_143450,Strada Traian Demetrescu,RO,Q7832690,1,male,,,1,0,1,NA,3b3c7ffb23db2986b5de9797e6681604,2022-11-21T19:04:05Z
RO_143450,Strada Tractorului,RO,Q39495,0,NA,,,1,0,1,NA,3b3c7ffb23db2986b5de9797e6681604,2022-11-21T19:03:28Z
RO_143450,Strada Toporașilor,RO,Q42880749,0,NA,,,1,0,1,NA,cecc32c05ab900f834510a7e3fb5eefb,2022-11-20T17:13:53Z
RO_143450,Strada Topitorilor,RO,Q65515162,0,NA,,,1,0,1,NA,cecc32c05ab900f834510a7e3fb5eefb,2022-11-20T17:12:45Z
RO_143450,Strada Topazului,RO,Q134985,0,NA,,,1,0,1,NA,cecc32c05ab900f834510a7e3fb5eefb,2022-11-20T17:05:04Z
RO_143450,Strada Tohan,RO,NA,0,NA,,,1,0,1,NA,cecc32c05ab900f834510a7e3fb5eefb,2022-11-20T17:01:09Z
RO_143450,Strada Tineretului,RO,Q190007,0,NA,,,1,0,1,NA,cecc32c05ab900f834510a7e3fb5eefb,2022-11-20T17:00:28Z
RO_143450,Strada Timotei Popovici,RO,Q18547004,1,male,,,1,0,1,NA,cecc32c05ab900f834510a7e3fb5eefb,2022-11-20T17:00:03Z
RO_143450,Strada Timișoara,RO,Q83404,0,NA,,,1,0,1,NA,cecc32c05ab900f834510a7e3fb5eefb,2022-11-20T16:59:22Z
RO_143450,Strada Tilișca,RO,Q5064971,0,NA,,,1,0,1,NA,cecc32c05ab900f834510a7e3fb5eefb,2022-11-20T16:24:54Z
RO_143450,Strada Țiglari,RO,Q18385897,0,NA,,,1,0,1,NA,17458f94121d0a87a9fbe35778895ff3,2022-11-20T09:52:25Z
RO_143450,Strada Theodor Neculuță,RO,Q18544290,1,male,,,1,0,1,NA,17458f94121d0a87a9fbe35778895ff3,2022-11-20T09:50:40Z
RO_143450,Strada Theodor Mihaly,RO,Q12742232,1,male,,,1,0,1,NA,17458f94121d0a87a9fbe35778895ff3,2022-11-20T09:50:21Z
RO_143450,Strada Theodor Aman,RO,Q716808,1,male,,,1,0,1,NA,17458f94121d0a87a9fbe35778895ff3,2022-11-20T09:49:23Z
RO_143450,Strada Teliuc,RO,NA,0,NA,,,1,0,1,NA,17458f94121d0a87a9fbe35778895ff3,2022-11-20T09:38:58Z
RO_143450,Strada Telefoanelor,RO,Q11035,0,NA,,,1,0,1,NA,17458f94121d0a87a9fbe35778895ff3,2022-11-20T09:32:40Z
RO_143450,Strada Teilor,RO,Q127849,0,NA,,,1,0,1,NA,17458f94121d0a87a9fbe35778895ff3,2022-11-20T09:32:18Z
RO_143450,Strada Târgului,RO,Q330284,0,NA,,,1,0,1,NA,17458f94121d0a87a9fbe35778895ff3,2022-11-20T09:31:55Z
RO_143450,Strada Târgul Peștelui,RO,Q1188480,0,NA,,,1,0,1,NA,17458f94121d0a87a9fbe35778895ff3,2022-11-20T09:30:19Z
RO_143450,Strada Târgul Fânului,RO,NA,0,NA,,,1,0,1,NA,17458f94121d0a87a9fbe35778895ff3,2022-11-20T09:28:51Z
RO_143450,Strada Târgul Cailor,RO,Q2747221,0,NA,,,1,0,1,NA,17458f94121d0a87a9fbe35778895ff3,2022-11-20T09:27:48Z
RO_143450,Strada Tălmăcel,RO,Q3893977,0,NA,,,1,0,1,NA,17458f94121d0a87a9fbe35778895ff3,2022-11-20T09:25:26Z
RO_143450,Strada Suru,RO,NA,0,NA,,,1,0,1,NA,17458f94121d0a87a9fbe35778895ff3,2022-11-20T09:25:08Z
RO_143450,Strada Șureanu,RO,Q549664,0,NA,,,1,0,1,NA,17458f94121d0a87a9fbe35778895ff3,2022-11-20T09:24:12Z
RO_143450,Strada Strungului,RO,Q187833,0,NA,,,1,0,1,NA,e5e78deff9d8acedd4ce3a1adccc195c,2022-11-19T16:11:11Z
RO_143450,Strada Ștrandului,RO,Q18385893,0,NA,,,1,0,1,NA,e5e78deff9d8acedd4ce3a1adccc195c,2022-11-19T15:49:22Z
RO_143450,Strada Stejarului,RO,Q165145,0,NA,,,1,0,1,NA,e5e78deff9d8acedd4ce3a1adccc195c,2022-11-19T15:43:00Z
RO_143450,Strada Steflești,RO,Q12743814,0,NA,,,1,0,1,NA,e5e78deff9d8acedd4ce3a1adccc195c,2022-11-19T15:42:20Z
RO_143450,Strada Ștefan Luchian,RO,Q397123,1,male,,,1,0,1,NA,e5e78deff9d8acedd4ce3a1adccc195c,2022-11-19T15:38:33Z
RO_143450,Strada Ștefan cel Mare,RO,Q218134,1,male,,,1,0,1,NA,e5e78deff9d8acedd4ce3a1adccc195c,2022-11-19T15:36:49Z
RO_143450,Strada Solidarității,RO,Q815726,0,NA,,,1,0,1,NA,e5e78deff9d8acedd4ce3a1adccc195c,2022-11-19T15:36:33Z
RO_143450,Strada Sofocle,RO,Q7235,1,male,,,1,0,1,NA,e5e78deff9d8acedd4ce3a1adccc195c,2022-11-19T15:33:39Z
RO_143450,Strada Socului,RO,Q131448,0,NA,,,1,0,1,NA,7d416724f4a69a7d15e95db12ceb0dc5,2022-11-14T16:00:10Z
RO_143450,Strada Smaraldului,RO,Q43513,0,NA,,,1,0,1,NA,7d416724f4a69a7d15e95db12ceb0dc5,2022-11-14T15:15:10Z
RO_143450,Strada Siretului,RO,Q208302,0,NA,,,1,0,1,NA,7d416724f4a69a7d15e95db12ceb0dc5,2022-11-14T15:09:17Z
RO_143450,Strada Sibiului,RO,NA,0,NA,,,1,0,1,NA,7d416724f4a69a7d15e95db12ceb0dc5,2022-11-14T15:07:52Z
RO_143450,Strada Seviș,RO,NA,0,NA,,,1,0,1,NA,7d416724f4a69a7d15e95db12ceb0dc5,2022-11-14T15:00:44Z
RO_143450,Strada Șerpuită,RO,NA,0,NA,,,1,0,1,NA,7d416724f4a69a7d15e95db12ceb0dc5,2022-11-14T15:00:18Z
RO_143450,Strada Sergiu Celibidache,RO,Q165671,1,male,,,1,0,1,NA,7d416724f4a69a7d15e95db12ceb0dc5,2022-11-14T15:00:10Z
RO_143450,Strada Șerbotă,RO,Q4709501,0,NA,,,1,0,1,NA,7d416724f4a69a7d15e95db12ceb0dc5,2022-11-14T14:59:44Z
RO_143450,Strada Semănătoarelor,RO,Q22085061,0,NA,,,1,0,1,NA,7d416724f4a69a7d15e95db12ceb0dc5,2022-11-14T14:57:26Z
RO_143450,Strada Semaforului,RO,Q8004,0,NA,,,1,0,1,NA,7d416724f4a69a7d15e95db12ceb0dc5,2022-11-14T14:49:52Z
RO_143450,Strada Șelarilor,RO,Q1760988,0,NA,,,1,0,1,NA,7d416724f4a69a7d15e95db12ceb0dc5,2022-11-14T14:47:50Z
RO_143450,Strada Școala de Înot,RO,Q55079472,0,NA,,,1,0,1,NA,7d416724f4a69a7d15e95db12ceb0dc5,2022-11-14T14:44:49Z
RO_143450,Strada Sapunarilor,RO,Q267027,0,NA,,,1,0,1,NA,7d416724f4a69a7d15e95db12ceb0dc5,2022-11-14T14:44:08Z
RO_143450,Strada Sânzienelor,RO,Q156854,0,NA,,,1,0,1,NA,7d416724f4a69a7d15e95db12ceb0dc5,2022-11-14T14:41:31Z
RO_143450,Strada Sandu Aldea,RO,Q9195810,1,male,,,1,0,1,NA,7d416724f4a69a7d15e95db12ceb0dc5,2022-11-14T14:37:05Z
RO_143450,Strada Samuel Brukenthal,RO,Q215898,1,male,,,1,0,1,NA,7d416724f4a69a7d15e95db12ceb0dc5,2022-11-14T14:36:18Z
RO_143450,Strada Salzburg,RO,Q22977419,0,NA,,,1,0,1,NA,7d416724f4a69a7d15e95db12ceb0dc5,2022-11-14T14:35:58Z
RO_143450,Strada Sălciilor,RO,Q36050,0,NA,,,1,0,1,NA,7d416724f4a69a7d15e95db12ceb0dc5,2022-11-14T14:35:34Z
RO_143450,Strada Sălajului,RO,Q3894701,0,NA,,,1,0,1,NA,7d416724f4a69a7d15e95db12ceb0dc5,2022-11-14T14:34:06Z
RO_143450,Strada Săcel,RO,Q3894701,0,NA,,,1,0,1,NA,7d416724f4a69a7d15e95db12ceb0dc5,2022-11-14T14:31:52Z
RO_143450,Strada Rusciorului,RO,Q7380648,0,NA,,,1,0,1,NA,7d416724f4a69a7d15e95db12ceb0dc5,2022-11-14T13:45:06Z
RO_143450,Strada Rubens,RO,Q5599,1,male,,,1,0,1,NA,7d416724f4a69a7d15e95db12ceb0dc5,2022-11-14T13:44:31Z
RO_143450,Strada Rozmarinului,RO,Q122679,0,NA,,,1,0,1,NA,7d416724f4a69a7d15e95db12ceb0dc5,2022-11-14T13:41:03Z
RO_143450,Strada Rozdești,RO,Q4711259,0,NA,,,1,0,1,NA,7d416724f4a69a7d15e95db12ceb0dc5,2022-11-14T13:40:46Z
RO_143450,Strada Rotarilor,RO,Q833418,0,NA,,,1,0,1,NA,7d416724f4a69a7d15e95db12ceb0dc5,2022-11-14T13:40:10Z
RO_143450,Strada Revoluției,RO,Q10931,0,NA,,,1,0,1,NA,7d416724f4a69a7d15e95db12ceb0dc5,2022-11-14T13:37:44Z
RO_143450,Strada Rennes,RO,Q647,0,NA,,,1,0,1,NA,7d416724f4a69a7d15e95db12ceb0dc5,2022-11-14T13:37:00Z
RO_143450,Strada Rembrandt,RO,Q5598,1,male,,,1,0,1,NA,7d416724f4a69a7d15e95db12ceb0dc5,2022-11-14T13:36:18Z
RO_143450,Strada Regele Ferdinand,RO,Q57165,1,male,,,1,0,1,NA,7d416724f4a69a7d15e95db12ceb0dc5,2022-11-14T13:35:47Z
RO_143450,Strada Record,RO,NA,0,NA,,,1,0,1,NA,7d416724f4a69a7d15e95db12ceb0dc5,2022-11-14T13:35:33Z
RO_143450,Strada Râului,RO,Q4022,0,NA,,,1,0,1,NA,7d416724f4a69a7d15e95db12ceb0dc5,2022-11-14T13:27:58Z
RO_143450,Strada Rahovei,RO,NA,0,NA,,,1,0,1,NA,7d416724f4a69a7d15e95db12ceb0dc5,2022-11-14T13:27:25Z
RO_143450,Strada Radu Stanca,RO,Q7281729,1,male,,,1,0,1,NA,7d416724f4a69a7d15e95db12ceb0dc5,2022-11-14T13:26:36Z
RO_143450,Strada Putnei,RO,NA,0,NA,,,1,0,1,NA,7d416724f4a69a7d15e95db12ceb0dc5,2022-11-14T13:24:24Z
RO_143450,Strada Pulberăriei,RO,Q3184407,0,NA,,,1,0,1,NA,7d416724f4a69a7d15e95db12ceb0dc5,2022-11-14T13:23:48Z
RO_143450,Strada Prunelor,RO,Q44120,0,NA,,,1,0,1,NA,7d416724f4a69a7d15e95db12ceb0dc5,2022-11-14T13:21:52Z
RO_143450,Strada Profesor Victor Lazăr,RO,Q106425415,0,NA,,,1,0,1,NA,7d416724f4a69a7d15e95db12ceb0dc5,2022-11-14T13:21:04Z
RO_143450,Strada Profesor Petru Șpan,RO,Q115205961,1,male,,,1,0,1,NA,7d416724f4a69a7d15e95db12ceb0dc5,2022-11-14T13:20:49Z
RO_143450,Strada Profesor Ioan Moga,RO,Q18541982,1,male,,,1,0,1,NA,714af25ce4f5b589eb8304a2abee50ca,2022-11-13T23:04:29Z
RO_143450,Strada Profesor Doctor Ioan Moga,RO,Q18541982,1,male,,,1,0,1,NA,714af25ce4f5b589eb8304a2abee50ca,2022-11-13T23:04:09Z
RO_143450,Strada Privighetori,RO,NA,0,NA,,,1,0,1,NA,714af25ce4f5b589eb8304a2abee50ca,2022-11-13T23:03:52Z
RO_143450,Strada Primăverii,RO,Q1312,0,NA,,,1,0,1,NA,714af25ce4f5b589eb8304a2abee50ca,2022-11-13T23:02:42Z
RO_143450,Strada Preot Bacca,RO,NA,1,male,,,1,0,1,NA,714af25ce4f5b589eb8304a2abee50ca,2022-11-13T23:01:44Z
RO_143450,Strada Prelungirea Săcel,RO,NA,0,NA,,,1,0,1,NA,714af25ce4f5b589eb8304a2abee50ca,2022-11-13T22:37:14Z
RO_143450,Strada Prejbei,RO,Q7240007,0,NA,,,1,0,1,NA,714af25ce4f5b589eb8304a2abee50ca,2022-11-13T22:18:19Z
RO_143450,Strada Porumbeilor,RO,Q42326,0,NA,,,1,0,1,NA,714af25ce4f5b589eb8304a2abee50ca,2022-11-13T22:17:50Z
RO_143450,Strada Porumbacului,RO,Q7232839,0,NA,,,1,0,1,NA,714af25ce4f5b589eb8304a2abee50ca,2022-11-13T22:17:23Z
RO_143450,Strada Popa Șapcă,RO,Q12738350,1,male,,,1,0,1,NA,714af25ce4f5b589eb8304a2abee50ca,2022-11-13T22:15:37Z
RO_143450,Strada Pompeiu Onofreiu,RO,Q18544559,1,male,,,1,0,1,NA,714af25ce4f5b589eb8304a2abee50ca,2022-11-13T22:10:52Z
RO_143450,Strada Pomicultorilor,RO,NA,0,NA,,,1,0,1,NA,714af25ce4f5b589eb8304a2abee50ca,2022-11-13T22:06:26Z
RO_143450,Strada Poiana,RO,NA,0,NA,,,1,0,1,NA,714af25ce4f5b589eb8304a2abee50ca,2022-11-13T22:05:41Z
RO_143450,Strada Poet Vasile Cârlova,RO,Q7916602,1,male,,,1,0,1,NA,714af25ce4f5b589eb8304a2abee50ca,2022-11-13T22:05:00Z
RO_143450,Strada Poet Aron Cotruș,RO,Q12721002,1,male,,,1,0,1,NA,714af25ce4f5b589eb8304a2abee50ca,2022-11-13T22:04:20Z
RO_143450,Strada Podragu,RO,Q4713177,0,NA,,,1,0,1,NA,714af25ce4f5b589eb8304a2abee50ca,2022-11-13T22:02:30Z
RO_143450,Strada Plopilor,RO,Q25356,0,NA,,,1,0,1,NA,714af25ce4f5b589eb8304a2abee50ca,2022-11-13T22:01:44Z
RO_143450,Strada Plevna,RO,NA,0,NA,,,1,0,1,NA,714af25ce4f5b589eb8304a2abee50ca,2022-11-13T21:55:44Z
RO_143450,Strada Pincio Ioan Păun,RO,Q12730939,1,male,,,1,0,1,NA,714af25ce4f5b589eb8304a2abee50ca,2022-11-13T21:45:30Z
RO_143450,Strada Pietrarilor,RO,NA,0,NA,,,1,0,1,NA,714af25ce4f5b589eb8304a2abee50ca,2022-11-13T21:43:51Z
RO_143450,Strada Pielarilor,RO,Q16402902,0,NA,,,1,0,1,NA,714af25ce4f5b589eb8304a2abee50ca,2022-11-13T21:41:56Z
RO_143450,Strada Picasso,RO,Q5593,1,male,,,1,0,1,NA,714af25ce4f5b589eb8304a2abee50ca,2022-11-13T21:40:06Z
RO_143450,Strada Petru Poni,RO,Q12737913,1,male,,,1,0,1,NA,714af25ce4f5b589eb8304a2abee50ca,2022-11-13T21:37:59Z
RO_143450,Strada Petrila,RO,Q390156,0,NA,,,1,0,1,NA,714af25ce4f5b589eb8304a2abee50ca,2022-11-13T21:36:36Z
RO_143450,Strada Pedagogilor,RO,Q1231865,0,NA,,,1,0,1,NA,714af25ce4f5b589eb8304a2abee50ca,2022-11-13T21:34:30Z
RO_143450,Strada Partenie Cosma,RO,Q18539316,1,male,,,1,0,1,NA,714af25ce4f5b589eb8304a2abee50ca,2022-11-13T21:32:07Z
RO_143450,Strada Pânzarilor,RO,NA,0,NA,,,1,0,1,NA,714af25ce4f5b589eb8304a2abee50ca,2022-11-13T21:28:28Z
RO_143450,Strada Pandurilor,RO,Q56366315,0,NA,,,1,0,1,NA,714af25ce4f5b589eb8304a2abee50ca,2022-11-13T21:25:30Z
RO_143450,Strada Paltinului,RO,Q156944,0,NA,,,1,0,1,NA,714af25ce4f5b589eb8304a2abee50ca,2022-11-13T21:20:20Z
RO_143450,Strada Păltiniș,RO,Q899025,0,NA,,,1,0,1,NA,714af25ce4f5b589eb8304a2abee50ca,2022-11-13T20:51:39Z
RO_143450,Strada Păcii,RO,Q454,0,NA,,,1,0,1,NA,714af25ce4f5b589eb8304a2abee50ca,2022-11-13T20:31:04Z
RO_143450,Strada Ovidiu,RO,Q7198,1,male,,,1,0,1,NA,714af25ce4f5b589eb8304a2abee50ca,2022-11-13T20:22:05Z
RO_143450,Strada Oțelarilor,RO,NA,0,NA,,,1,0,1,NA,714af25ce4f5b589eb8304a2abee50ca,2022-11-13T20:20:29Z
RO_143450,Strada Oștirii,RO,NA,0,NA,,,1,0,1,NA,714af25ce4f5b589eb8304a2abee50ca,2022-11-13T18:56:03Z
RO_143450,Strada Orzului,RO,Q11577,0,NA,,,1,0,1,NA,714af25ce4f5b589eb8304a2abee50ca,2022-11-13T18:54:47Z
RO_143450,Strada Orlat,RO,Q5063967,0,NA,,,1,0,1,NA,714af25ce4f5b589eb8304a2abee50ca,2022-11-13T18:47:21Z
RO_143450,Strada Orhideelor,RO,Q25308,0,NA,,,1,0,1,NA,714af25ce4f5b589eb8304a2abee50ca,2022-11-13T18:46:54Z
RO_143450,Strada Onisifor Ghibu,RO,Q4137961,1,male,,,1,0,1,NA,714af25ce4f5b589eb8304a2abee50ca,2022-11-13T18:43:21Z
RO_143450,Strada Oncești,RO,NA,0,NA,,,1,0,1,NA,714af25ce4f5b589eb8304a2abee50ca,2022-11-13T18:43:08Z
RO_143450,Strada Olarilor,RO,Q3400050,0,NA,,,1,0,1,NA,714af25ce4f5b589eb8304a2abee50ca,2022-11-13T18:40:27Z
RO_143450,Strada Odessa,RO,Q1874,0,NA,,,1,0,1,NA,714af25ce4f5b589eb8304a2abee50ca,2022-11-13T18:32:38Z
RO_143450,Strada Octavian Goga,RO,Q223414,1,male,,,1,0,1,NA,714af25ce4f5b589eb8304a2abee50ca,2022-11-13T18:26:50Z
RO_143450,Strada Ocnei,RO,NA,0,NA,,,1,0,1,NA,714af25ce4f5b589eb8304a2abee50ca,2022-11-13T18:26:25Z
RO_143450,Strada Oborul de vite,RO,Q1400937,0,NA,,,1,0,1,NA,714af25ce4f5b589eb8304a2abee50ca,2022-11-13T18:23:43Z
RO_143450,Strada Oașa,RO,NA,0,NA,,,1,0,1,NA,714af25ce4f5b589eb8304a2abee50ca,2022-11-13T18:19:40Z
RO_143450,Strada Nouă,RO,NA,0,NA,,,1,0,1,NA,714af25ce4f5b589eb8304a2abee50ca,2022-11-13T18:15:31Z
RO_143450,Strada Nicovalei,RO,Q104363,0,NA,,,1,0,1,NA,714af25ce4f5b589eb8304a2abee50ca,2022-11-13T17:57:26Z
RO_143450,Strada Nicolaus Olahus,RO,Q497524,1,male,,,1,0,1,NA,714af25ce4f5b589eb8304a2abee50ca,2022-11-13T17:56:48Z
RO_143450,Strada Nicolaus Copernic,RO,Q619,1,male,,,1,0,1,NA,714af25ce4f5b589eb8304a2abee50ca,2022-11-13T17:23:05Z
RO_143450,Strada Nicolae Titulescu,RO,Q781476,1,male,,,1,0,1,NA,714af25ce4f5b589eb8304a2abee50ca,2022-11-13T17:10:54Z
RO_143450,Strada Nicolae Grigorescu,RO,Q454321,1,male,,,1,0,1,NA,714af25ce4f5b589eb8304a2abee50ca,2022-11-13T17:06:29Z
RO_143450,Strada Nicolae Bălcescu,RO,Q513394,1,male,,,1,0,1,NA,714af25ce4f5b589eb8304a2abee50ca,2022-11-13T17:02:30Z
RO_143450,Strada Neppendorf,RO,Q493113,0,NA,,,1,0,1,NA,714af25ce4f5b589eb8304a2abee50ca,2022-11-13T16:52:48Z
RO_143450,Strada Negovanu,RO,Q6987463,0,NA,,,1,0,1,NA,714af25ce4f5b589eb8304a2abee50ca,2022-11-13T16:52:34Z
RO_143450,Strada Negoi,RO,NA,0,NA,,,1,0,1,NA,714af25ce4f5b589eb8304a2abee50ca,2022-11-13T16:41:47Z
RO_143450,Strada N.R. Korsakov,RO,NA,1,male,,,1,0,1,NA,714af25ce4f5b589eb8304a2abee50ca,2022-11-13T16:26:43Z
RO_143450,Strada N.D. Cocea,RO,Q328201,1,male,,,1,0,1,NA,714af25ce4f5b589eb8304a2abee50ca,2022-11-13T16:24:08Z
RO_143450,Strada N. Beldiceanu,RO,Q5421705,1,male,,,1,0,1,NA,714af25ce4f5b589eb8304a2abee50ca,2022-11-13T15:35:35Z
RO_143450,Strada Mureșului,RO,Q207493,0,NA,,,1,0,1,NA,714af25ce4f5b589eb8304a2abee50ca,2022-11-13T15:32:52Z
RO_143450,Strada Muncitorilor,RO,Q327055,0,NA,,,1,0,1,NA,714af25ce4f5b589eb8304a2abee50ca,2022-11-13T15:32:13Z
RO_143450,Strada Muncii,RO,Q6958747,0,NA,,,1,0,1,NA,714af25ce4f5b589eb8304a2abee50ca,2022-11-13T15:31:08Z
RO_143450,Strada München,RO,Q1726,0,NA,,,1,0,1,NA,714af25ce4f5b589eb8304a2abee50ca,2022-11-13T15:30:52Z
RO_143450,Strada Muncel,RO,NA,0,NA,,,1,0,1,NA,714af25ce4f5b589eb8304a2abee50ca,2022-11-13T15:29:29Z
RO_143450,Strada Movilei,RO,Q1584134,0,NA,,,1,0,1,NA,714af25ce4f5b589eb8304a2abee50ca,2022-11-13T15:29:05Z
RO_143450,Strada Moreni,RO,NA,0,NA,,,1,0,1,NA,714af25ce4f5b589eb8304a2abee50ca,2022-11-13T15:28:38Z
RO_143450,Strada Monaco,RO,Q235,0,NA,,,1,0,1,NA,714af25ce4f5b589eb8304a2abee50ca,2022-11-13T15:27:20Z
RO_143450,Strada Moldoveanu,RO,Q746524,0,NA,,,1,0,1,NA,714af25ce4f5b589eb8304a2abee50ca,2022-11-13T15:26:52Z
RO_143450,Strada Moara de Scoarță,RO,Q374116,0,NA,,,1,0,1,NA,714af25ce4f5b589eb8304a2abee50ca,2022-11-13T15:24:48Z
RO_143450,Strada Mitropoliei,RO,Q427961,0,NA,,,1,0,1,NA,714af25ce4f5b589eb8304a2abee50ca,2022-11-13T15:22:39Z
RO_143450,Strada Milano,RO,Q490,0,NA,,,1,0,1,NA,714af25ce4f5b589eb8304a2abee50ca,2022-11-13T15:12:24Z
RO_143450,Strada Mikhail V. Lomonosov,RO,Q58720,1,male,,,1,0,1,NA,714af25ce4f5b589eb8304a2abee50ca,2022-11-13T15:11:01Z
RO_143450,Strada Mihail Kogălniceanu,RO,Q319759,1,male,,,1,0,1,NA,714af25ce4f5b589eb8304a2abee50ca,2022-11-13T15:10:48Z
RO_143450,Strada Micu Klein,RO,Q942644,1,male,,,1,0,1,NA,714af25ce4f5b589eb8304a2abee50ca,2022-11-13T15:06:03Z
RO_143450,Strada Michelangelo,RO,Q5592,1,male,,,1,0,1,NA,714af25ce4f5b589eb8304a2abee50ca,2022-11-13T15:05:14Z
RO_143450,Strada Metalurgiștilor,RO,Q18576582,0,NA,,,1,0,1,NA,714af25ce4f5b589eb8304a2abee50ca,2022-11-13T14:54:48Z
RO_143450,Strada Merișorului,RO,Q93235,0,NA,,,1,0,1,NA,714af25ce4f5b589eb8304a2abee50ca,2022-11-13T14:54:30Z
RO_143450,Strada Mașiniștilor,RO,Q196721,0,NA,,,1,0,1,NA,714af25ce4f5b589eb8304a2abee50ca,2022-11-13T14:52:42Z
RO_143450,Strada Măsarilor,RO,NA,0,NA,,,1,0,1,NA,714af25ce4f5b589eb8304a2abee50ca,2022-11-13T14:49:43Z
RO_143450,Strada Martin Hochmaister,RO,Q1165945,1,male,,,1,0,1,NA,714af25ce4f5b589eb8304a2abee50ca,2022-11-13T14:46:05Z
RO_143450,Strada Marius Sturza,RO,Q12735074,1,male,,,1,0,1,NA,714af25ce4f5b589eb8304a2abee50ca,2022-11-13T14:44:30Z
RO_143450,Strada Margaretelor,RO,Q27164,0,NA,,,1,0,1,NA,714af25ce4f5b589eb8304a2abee50ca,2022-11-13T14:35:00Z
RO_143450,Strada Mărăști,RO,NA,0,NA,,,1,0,1,NA,714af25ce4f5b589eb8304a2abee50ca,2022-11-13T14:34:34Z
RO_143450,Strada Mărășești,RO,NA,0,NA,,,1,0,1,NA,714af25ce4f5b589eb8304a2abee50ca,2022-11-13T14:33:30Z
RO_143450,Strada Maramureșului,RO,Q10975458,0,NA,,,1,0,1,NA,714af25ce4f5b589eb8304a2abee50ca,2022-11-13T14:29:57Z
RO_143450,Strada Manejului,RO,Q214252,0,NA,,,1,0,1,NA,714af25ce4f5b589eb8304a2abee50ca,2022-11-13T14:11:44Z
RO_143450,Strada Maior Niță Octavian,RO,NA,1,male,,,1,0,1,NA,714af25ce4f5b589eb8304a2abee50ca,2022-11-13T14:11:18Z
RO_143450,Strada Maierilor,RO,Q101711,0,NA,,,1,0,1,NA,714af25ce4f5b589eb8304a2abee50ca,2022-11-13T14:10:36Z
RO_143450,Strada Măgura,RO,NA,0,NA,,,1,0,1,NA,714af25ce4f5b589eb8304a2abee50ca,2022-11-13T14:09:36Z
RO_143450,Strada Măgheranului,RO,NA,0,NA,,,1,0,1,NA,714af25ce4f5b589eb8304a2abee50ca,2022-11-13T14:08:34Z
RO_143450,Strada Macaralei,RO,Q178692,0,NA,,,1,0,1,NA,714af25ce4f5b589eb8304a2abee50ca,2022-11-13T14:07:34Z
RO_143450,Strada M. Viteazul,RO,Q118755,1,male,,,1,0,1,NA,714af25ce4f5b589eb8304a2abee50ca,2022-11-13T14:05:16Z
RO_143450,Strada Lyon,RO,Q456,0,NA,,,1,0,1,NA,714af25ce4f5b589eb8304a2abee50ca,2022-11-13T14:01:54Z
RO_143450,Strada Luxemburg,RO,Q32,0,NA,,,1,0,1,NA,714af25ce4f5b589eb8304a2abee50ca,2022-11-13T13:53:55Z
RO_143450,Strada Lutului,RO,Q42302,0,NA,,,1,0,1,NA,714af25ce4f5b589eb8304a2abee50ca,2022-11-13T13:53:29Z
RO_143450,Strada Luptei,RO,Q650711,0,NA,,,1,0,1,NA,714af25ce4f5b589eb8304a2abee50ca,2022-11-13T13:53:06Z
RO_143450,Strada Lupeni,RO,Q754728,0,NA,,,1,0,1,NA,714af25ce4f5b589eb8304a2abee50ca,2022-11-13T13:52:41Z
RO_143450,Strada Lungă,RO,NA,0,NA,,,1,0,1,NA,714af25ce4f5b589eb8304a2abee50ca,2022-11-13T13:01:56Z
RO_143450,Strada Ludoș,RO,Q1077551,0,NA,,,1,0,1,NA,714af25ce4f5b589eb8304a2abee50ca,2022-11-13T13:01:23Z
RO_143450,Strada Luarea Bastiliei,RO,Q6539,0,NA,,,1,0,1,NA,714af25ce4f5b589eb8304a2abee50ca,2022-11-13T12:58:47Z
RO_143450,Strada Locomotivei,RO,Q93301,0,NA,,,1,0,1,NA,714af25ce4f5b589eb8304a2abee50ca,2022-11-13T12:56:49Z
RO_143450,Strada Liviu Ciulei,RO,Q1065030,1,male,,,1,0,1,NA,714af25ce4f5b589eb8304a2abee50ca,2022-11-13T12:55:42Z
RO_143450,Strada Livezii,RO,NA,0,NA,,,1,0,1,NA,714af25ce4f5b589eb8304a2abee50ca,2022-11-13T12:55:06Z
RO_143450,Strada Litovoi Vodă,RO,Q255118,1,male,,,1,0,1,NA,714af25ce4f5b589eb8304a2abee50ca,2022-11-13T12:54:48Z
RO_143450,Strada Libertății,RO,Q2979,0,NA,,,1,0,1,NA,714af25ce4f5b589eb8304a2abee50ca,2022-11-13T12:48:16Z
RO_143450,Strada Leonardo da Vinci,RO,Q762,1,male,,,1,0,1,NA,b005dc23bd5e230e04e04eb2d6cda181,2022-11-13T12:42:15Z
RO_143450,Strada Lemnelor,RO,Q287,0,NA,,,1,0,1,NA,b005dc23bd5e230e04e04eb2d6cda181,2022-11-13T12:36:18Z
RO_143450,Strada Lector,RO,Q1553123,0,NA,,,1,0,1,NA,b005dc23bd5e230e04e04eb2d6cda181,2022-11-13T12:35:20Z
RO_143450,Strada Lazaret,RO,Q859247,0,NA,,,1,0,1,NA,b005dc23bd5e230e04e04eb2d6cda181,2022-11-13T12:32:22Z
RO_143450,Strada Lăptăriei,RO,Q1750272,0,NA,,,1,0,1,NA,692f258578127c407bfc7d6cd2fcee77,2022-11-12T22:35:54Z
RO_143450,Strada Lânii,RO,NA,0,NA,,,1,0,1,NA,692f258578127c407bfc7d6cd2fcee77,2022-11-12T22:33:48Z
RO_143450,Strada Landshut,RO,NA,0,NA,,,1,0,1,NA,692f258578127c407bfc7d6cd2fcee77,2022-11-12T22:32:48Z
RO_143450,Strada Laminorului,RO,NA,0,NA,,,1,0,1,NA,692f258578127c407bfc7d6cd2fcee77,2022-11-12T22:25:25Z
RO_143450,Strada Lacul lui Binder,RO,NA,0,NA,,,1,0,1,NA,692f258578127c407bfc7d6cd2fcee77,2022-11-12T22:25:06Z
RO_143450,Strada Lăcrămioarelor,RO,Q12734634,0,NA,,,1,0,1,NA,692f258578127c407bfc7d6cd2fcee77,2022-11-12T22:25:02Z
RO_143450,Strada L,RO,NA,NA,NA,NA,NA,1,1,1,NA,692f258578127c407bfc7d6cd2fcee77,2022-11-12T22:14:26Z
RO_143450,Strada Konrad Haas,RO,Q697581,1,male,,,1,0,1,NA,692f258578127c407bfc7d6cd2fcee77,2022-11-12T22:12:36Z
RO_143450,Strada Klagenfurt,RO,Q41753,0,NA,,,1,0,1,NA,692f258578127c407bfc7d6cd2fcee77,2022-11-12T22:10:25Z
RO_143450,Strada Kiev,RO,Q1899,0,NA,,,1,0,1,NA,692f258578127c407bfc7d6cd2fcee77,2022-11-12T21:54:11Z
RO_143450,Strada Jina,RO,Q16427430,0,NA,,,1,0,1,NA,692f258578127c407bfc7d6cd2fcee77,2022-11-12T21:53:58Z
RO_143450,Strada James Watt,RO,Q9041,1,male,,,1,0,1,NA,692f258578127c407bfc7d6cd2fcee77,2022-11-12T21:53:41Z
RO_143450,Strada J.W. Goethe,RO,Q5879,1,male,,,1,0,1,NA,692f258578127c407bfc7d6cd2fcee77,2022-11-12T21:50:04Z
RO_143450,Strada Izvorului,RO,Q124714,0,NA,,,1,0,1,NA,692f258578127c407bfc7d6cd2fcee77,2022-11-12T21:44:16Z
RO_143450,Strada Iuliu Maniu,RO,Q462164,1,male,,,1,0,1,NA,692f258578127c407bfc7d6cd2fcee77,2022-11-12T21:43:51Z
RO_143450,Strada Islazului,RO,NA,0,NA,,,1,0,1,NA,692f258578127c407bfc7d6cd2fcee77,2022-11-12T21:42:59Z
RO_143450,Strada Iosif Velceanu,RO,Q98834972,1,male,,,1,0,1,NA,692f258578127c407bfc7d6cd2fcee77,2022-11-12T21:42:15Z
RO_143450,Strada Ion Sion,RO,Q13481827,1,male,,,1,0,1,NA,692f258578127c407bfc7d6cd2fcee77,2022-11-12T21:41:19Z
RO_143450,Strada Ion Rațiu,RO,Q4357755,1,male,,,1,0,1,NA,692f258578127c407bfc7d6cd2fcee77,2022-11-12T21:40:29Z
RO_143450,Strada Ion Popovici-Bănățeanu,RO,Q18547007,1,male,,,1,0,1,NA,692f258578127c407bfc7d6cd2fcee77,2022-11-12T21:04:24Z
RO_143450,Strada Ion Pop Reteganu,RO,Q12730934,1,male,,,1,0,1,NA,692f258578127c407bfc7d6cd2fcee77,2022-11-12T21:01:48Z
RO_143450,Strada Ioan Codru Drăgușanu,RO,Q12730814,1,male,,,1,0,1,NA,692f258578127c407bfc7d6cd2fcee77,2022-11-12T20:58:13Z
RO_143450,Strada Ioan Cătină,RO,Q46485373,1,male,,,1,0,1,NA,692f258578127c407bfc7d6cd2fcee77,2022-11-12T20:50:11Z
RO_143450,Strada Interna Aeroporto,RO,NA,NA,NA,NA,NA,1,1,1,NA,692f258578127c407bfc7d6cd2fcee77,2022-11-12T20:49:34Z
RO_143450,Strada Independenței,RO,Q37055,0,NA,,,1,0,1,NA,692f258578127c407bfc7d6cd2fcee77,2022-11-12T20:49:25Z
RO_143450,Strada Iezer,RO,NA,0,NA,,,1,0,1,NA,692f258578127c407bfc7d6cd2fcee77,2022-11-12T20:49:12Z
RO_143450,Strada Iazul Morii,RO,NA,0,NA,,,1,0,1,NA,692f258578127c407bfc7d6cd2fcee77,2022-11-12T20:48:49Z
RO_143450,Strada Iancu de Hunedoara,RO,Q242688,1,male,,,1,0,1,NA,692f258578127c407bfc7d6cd2fcee77,2022-11-12T20:34:29Z
RO_143450,Strada Iacob Bologa,RO,Q22917077,1,male,,,1,0,1,NA,692f258578127c407bfc7d6cd2fcee77,2022-11-12T20:34:16Z
RO_143450,Strada Hurmuzache,RO,Q107230174,0,NA,,,1,0,1,NA,692f258578127c407bfc7d6cd2fcee77,2022-11-12T20:31:50Z
RO_143450,Strada Horia,RO,Q1656593,1,male,,,1,0,1,NA,692f258578127c407bfc7d6cd2fcee77,2022-11-12T20:30:38Z
RO_143450,Strada Honterus,RO,Q738256,1,male,,,1,0,1,NA,692f258578127c407bfc7d6cd2fcee77,2022-11-12T20:29:05Z
RO_143450,Strada Hipodromului,RO,Q11822917,0,NA,,,1,0,1,NA,692f258578127c407bfc7d6cd2fcee77,2022-11-12T20:28:20Z
RO_143450,Strada Hermann Oberth,RO,Q78503,1,male,,,1,0,1,NA,692f258578127c407bfc7d6cd2fcee77,2022-11-12T20:27:55Z
RO_143450,Strada Heinrich Heine,RO,Q44403,1,male,,,1,0,1,NA,692f258578127c407bfc7d6cd2fcee77,2022-11-12T20:27:38Z
RO_143450,Strada Hameiului,RO,Q104212,0,NA,,,1,0,1,NA,692f258578127c407bfc7d6cd2fcee77,2022-11-12T20:22:56Z
RO_143450,Strada Grigore Ureche,RO,Q592030,1,male,,,1,0,1,NA,692f258578127c407bfc7d6cd2fcee77,2022-11-12T20:22:11Z
RO_143450,Strada Grădinilor,RO,Q1107656,0,NA,,,1,0,1,NA,692f258578127c407bfc7d6cd2fcee77,2022-11-12T20:13:38Z
RO_143450,Strada Gorăslău,RO,NA,0,NA,,,1,0,1,NA,692f258578127c407bfc7d6cd2fcee77,2022-11-12T20:10:12Z
RO_143450,Strada Giuseppe Garibaldi,RO,Q539,1,male,,,1,0,1,NA,692f258578127c407bfc7d6cd2fcee77,2022-11-12T20:09:47Z
RO_143450,Strada Gimnasticii,RO,Q43450,0,NA,,,1,0,1,NA,692f258578127c407bfc7d6cd2fcee77,2022-11-12T20:05:12Z
RO_143450,Strada Ghiocelului,RO,Q105415,0,NA,,,1,0,1,NA,692f258578127c407bfc7d6cd2fcee77,2022-11-12T20:04:07Z
RO_143450,Strada Gheorghe Șoima,RO,Q115184221,1,male,culture,,1,0,1,NA,692f258578127c407bfc7d6cd2fcee77,2022-11-12T20:01:56Z
RO_143450,Strada Gheorghe Șincai,RO,Q774046,1,male,,,1,0,1,NA,692f258578127c407bfc7d6cd2fcee77,2022-11-12T19:53:44Z
RO_143450,Strada Gheorghe Dima,RO,Q327241,1,male,,,1,0,1,NA,692f258578127c407bfc7d6cd2fcee77,2022-11-12T19:46:21Z
RO_143450,Strada Gheorghe Barițiu,RO,Q445042,1,male,,,1,0,1,NA,692f258578127c407bfc7d6cd2fcee77,2022-11-12T19:46:07Z
RO_143450,Strada George Topârceanu,RO,Q927459,1,male,,,1,0,1,NA,692f258578127c407bfc7d6cd2fcee77,2022-11-12T19:45:18Z
RO_143450,Strada George Coșbuc,RO,Q473257,1,male,,,1,0,1,NA,692f258578127c407bfc7d6cd2fcee77,2022-11-12T19:41:10Z
RO_143450,Strada Georg Wilhelm Friedrich Hegel,RO,Q9235,1,male,,,1,0,1,NA,692f258578127c407bfc7d6cd2fcee77,2022-11-12T19:40:56Z
RO_143450,Strada Gențianei,RO,Q144682,0,NA,,,1,0,1,NA,692f258578127c407bfc7d6cd2fcee77,2022-11-12T19:40:37Z
RO_143450,Strada Geniștilor,RO,Q158797,0,NA,,,1,0,1,NA,692f258578127c407bfc7d6cd2fcee77,2022-11-12T19:40:09Z
RO_143450,Strada General Vasile Milea,RO,Q1365612,1,male,,,1,0,1,NA,692f258578127c407bfc7d6cd2fcee77,2022-11-12T19:37:26Z
RO_143450,Strada General Moșoiu,RO,Q7832693,1,male,,,1,0,1,NA,692f258578127c407bfc7d6cd2fcee77,2022-11-12T19:37:02Z
RO_143450,Strada General Magheru,RO,Q973203,1,male,,,1,0,1,NA,692f258578127c407bfc7d6cd2fcee77,2022-11-12T19:36:28Z
RO_143450,Strada General Jean Maximilien Lamarque,RO,Q580516,1,male,,,1,0,1,NA,de13b5784be22a2f27e2052aafc7826f,2022-11-11T22:27:52Z
RO_143450,Strada General Grigore Bălan,RO,Q5609023,1,male,,,1,0,1,NA,de13b5784be22a2f27e2052aafc7826f,2022-11-11T22:27:28Z
RO_143450,Strada General Gheorghe Mărdărescu,RO,Q15980107,1,male,,,1,0,1,NA,de13b5784be22a2f27e2052aafc7826f,2022-11-11T22:26:42Z
RO_143450,Strada D.D. Roșca,RO,Q896474,1,male,,,1,0,1,NA,de13b5784be22a2f27e2052aafc7826f,2022-11-11T22:26:19Z
RO_143450,Strada Cuptorului,RO,Q36539,0,NA,,,1,0,1,NA,de13b5784be22a2f27e2052aafc7826f,2022-11-11T22:25:29Z
RO_143450,Strada Cucului,RO,Q18845,0,NA,,,1,0,1,NA,de13b5784be22a2f27e2052aafc7826f,2022-11-11T22:24:58Z
RO_143450,Strada Croitorilor,RO,Q242468,0,NA,,,1,0,1,NA,de13b5784be22a2f27e2052aafc7826f,2022-11-11T22:22:22Z
RO_143450,Strada Cristian,RO,NA,0,NA,,,1,0,1,NA,de13b5784be22a2f27e2052aafc7826f,2022-11-11T22:21:49Z
RO_143450,Strada Crișanei,RO,NA,0,NA,,,1,0,1,NA,de13b5784be22a2f27e2052aafc7826f,2022-11-11T22:21:28Z
RO_143450,Strada Crint,RO,Q12725912,0,NA,,,1,0,1,NA,de13b5784be22a2f27e2052aafc7826f,2022-11-11T22:14:32Z
RO_143450,Strada Crinilor,RO,NA,0,NA,,,1,0,1,NA,de13b5784be22a2f27e2052aafc7826f,2022-11-11T22:01:29Z
RO_143450,Strada Cooperatorilor,RO,NA,0,NA,,,1,0,1,NA,de13b5784be22a2f27e2052aafc7826f,2022-11-11T22:00:42Z
RO_143450,Strada Constructorilor,RO,Q1340643,0,NA,,,1,0,1,NA,de13b5784be22a2f27e2052aafc7826f,2022-11-11T21:59:54Z
RO_143450,Strada Constituției,RO,Q7755,0,NA,,,1,0,1,NA,de13b5784be22a2f27e2052aafc7826f,2022-11-11T21:58:06Z
RO_143450,Strada Constantin I. Nottara,RO,Q18544427,1,male,,,1,0,1,NA,de13b5784be22a2f27e2052aafc7826f,2022-11-11T20:53:27Z
RO_143450,Strada Constantin (Costache) Negruzzi,RO,Q868839,1,male,,,1,0,1,NA,de13b5784be22a2f27e2052aafc7826f,2022-11-11T20:53:01Z
RO_143450,Strada Combinei,RO,NA,0,NA,,,1,0,1,NA,de13b5784be22a2f27e2052aafc7826f,2022-11-11T20:52:39Z
RO_143450,Strada Cojocarilor,RO,NA,0,NA,,,1,0,1,NA,de13b5784be22a2f27e2052aafc7826f,2022-11-11T20:52:35Z
RO_143450,Strada Cloșca,RO,NA,0,NA,,,1,0,1,NA,de13b5784be22a2f27e2052aafc7826f,2022-11-11T20:52:06Z
RO_143450,Strada Cisnădioara,RO,Q649070,0,NA,,,1,0,1,NA,de13b5784be22a2f27e2052aafc7826f,2022-11-11T20:51:35Z
RO_143450,Strada Ciorcârliei,RO,Q3402673,0,NA,,,1,0,1,NA,de13b5784be22a2f27e2052aafc7826f,2022-11-11T20:51:00Z
RO_143450,Strada Cindrel,RO,Q198356,0,NA,,,1,0,1,NA,de13b5784be22a2f27e2052aafc7826f,2022-11-11T20:49:43Z
RO_143450,Strada Charles Darwin,RO,Q1035,1,male,,,1,0,1,NA,de13b5784be22a2f27e2052aafc7826f,2022-11-11T20:47:14Z
RO_143450,Strada Cetății,RO,Q57831,0,NA,,,1,0,1,NA,de13b5784be22a2f27e2052aafc7826f,2022-11-11T20:42:59Z
RO_143450,Strada Cernei,RO,NA,0,NA,,,1,0,1,NA,de13b5784be22a2f27e2052aafc7826f,2022-11-11T19:37:23Z
RO_143450,Strada Cerbului,RO,Q23390,0,NA,,,1,0,1,NA,de13b5784be22a2f27e2052aafc7826f,2022-11-11T19:33:29Z
RO_143450,Strada Centumvirilor,RO,NA,0,NA,,,1,0,1,NA,de13b5784be22a2f27e2052aafc7826f,2022-11-11T19:33:02Z
RO_143450,Strada Ceferiștilor,RO,NA,0,NA,,,1,0,1,NA,de13b5784be22a2f27e2052aafc7826f,2022-11-11T19:28:27Z
RO_143450,Strada Cedonia,RO,Q5057059,0,NA,,,1,0,1,NA,de13b5784be22a2f27e2052aafc7826f,2022-11-11T19:26:47Z
RO_143450,Strada Castorului,RO,Q47542,0,NA,,,1,0,1,NA,de13b5784be22a2f27e2052aafc7826f,2022-11-11T19:23:08Z
RO_143450,Strada Carpaților,RO,Q1288,0,NA,,,1,0,1,NA,de13b5784be22a2f27e2052aafc7826f,2022-11-11T19:22:22Z
RO_143450,Strada Cărbunelui,RO,NA,0,NA,,,1,0,1,NA,de13b5784be22a2f27e2052aafc7826f,2022-11-11T19:20:28Z
RO_143450,Strada Căprioarelor,RO,Q122069,0,NA,,,1,0,1,NA,de13b5784be22a2f27e2052aafc7826f,2022-11-11T19:19:51Z
RO_143450,Strada Caprelor,RO,Q172923,0,NA,,,1,0,1,NA,de13b5784be22a2f27e2052aafc7826f,2022-11-11T19:17:08Z
RO_143450,Strada Călțun,RO,Q1129414,0,NA,,,1,0,1,NA,de13b5784be22a2f27e2052aafc7826f,2022-11-11T19:07:19Z
RO_143450,Strada General Dragalina,RO,Q2918453,1,male,,,1,0,1,NA,72d8eebbf5fcf8fc44008a94a5b76c6f,2022-11-11T14:59:23Z
RO_143450,Strada Gării,RO,NA,0,NA,,,1,0,1,NA,72d8eebbf5fcf8fc44008a94a5b76c6f,2022-11-11T14:58:40Z
RO_143450,Strada Galileo Galilei,RO,Q307,1,male,,,1,0,1,NA,72d8eebbf5fcf8fc44008a94a5b76c6f,2022-11-11T14:58:07Z
RO_143450,Strada G. M. Zamfirescu,RO,Q9267269,1,male,,,1,0,1,NA,72d8eebbf5fcf8fc44008a94a5b76c6f,2022-11-11T14:57:49Z
RO_143450,Strada Frații Grachi,RO,Q297183,1,male,,,1,0,2,NA,72d8eebbf5fcf8fc44008a94a5b76c6f,2022-11-11T14:56:51Z
RO_143450,Strada Frații Grachi,RO,Q212109,1,male,,,1,0,2,NA,72d8eebbf5fcf8fc44008a94a5b76c6f,2022-11-11T14:56:06Z
RO_143450,Strada Frigoriferului,RO,Q37828,0,NA,,,1,0,1,NA,72d8eebbf5fcf8fc44008a94a5b76c6f,2022-11-11T14:54:56Z
RO_143450,Strada Fragilor,RO,NA,0,NA,,,1,0,1,NA,72d8eebbf5fcf8fc44008a94a5b76c6f,2022-11-11T14:54:22Z
RO_143450,Strada Forjorilor,RO,NA,0,NA,,,1,0,1,NA,72d8eebbf5fcf8fc44008a94a5b76c6f,2022-11-11T14:53:59Z
RO_143450,Strada Florian Rieger,RO,NA,1,male,,,1,0,1,NA,72d8eebbf5fcf8fc44008a94a5b76c6f,2022-11-11T14:53:45Z
RO_143450,Strada Flacăra,RO,Q235544,0,NA,,,1,0,1,NA,72d8eebbf5fcf8fc44008a94a5b76c6f,2022-11-11T14:53:02Z
RO_143450,Strada Filarmonicii,RO,NA,0,NA,,,1,0,1,NA,72d8eebbf5fcf8fc44008a94a5b76c6f,2022-11-11T14:52:36Z
RO_143450,Strada Felinarului,RO,NA,0,NA,,,1,0,1,NA,72d8eebbf5fcf8fc44008a94a5b76c6f,2022-11-11T14:51:48Z
RO_143450,Strada Faurului,RO,NA,0,NA,,,1,0,1,NA,72d8eebbf5fcf8fc44008a94a5b76c6f,2022-11-11T14:51:14Z
RO_143450,Strada Fântânii,RO,NA,0,NA,,,1,0,1,NA,72d8eebbf5fcf8fc44008a94a5b76c6f,2022-11-11T14:50:20Z
RO_143450,Strada Fântânele,RO,NA,0,NA,,,1,0,1,NA,72d8eebbf5fcf8fc44008a94a5b76c6f,2022-11-11T14:50:15Z
RO_143450,Strada Faianței,RO,Q468402,0,NA,,,1,0,1,NA,72d8eebbf5fcf8fc44008a94a5b76c6f,2022-11-11T14:49:40Z
RO_143450,Strada Europa Unită,RO,NA,0,NA,,,1,0,1,NA,72d8eebbf5fcf8fc44008a94a5b76c6f,2022-11-11T14:49:25Z
RO_143450,Strada Eschile,RO,NA,0,NA,,,1,0,1,NA,72d8eebbf5fcf8fc44008a94a5b76c6f,2022-11-11T14:47:21Z
RO_143450,Strada Eroilor,RO,Q162244,0,NA,,,1,0,1,NA,72d8eebbf5fcf8fc44008a94a5b76c6f,2022-11-11T14:47:14Z
RO_143450,Strada Emil Zola,RO,Q504,1,male,,,1,0,1,NA,72d8eebbf5fcf8fc44008a94a5b76c6f,2022-11-11T14:46:05Z
RO_143450,Strada Emil Cioran,RO,Q193405,1,male,,,1,0,1,NA,72d8eebbf5fcf8fc44008a94a5b76c6f,2022-11-11T14:45:42Z
RO_143450,Strada Elena Cuza Doamna,RO,Q4975558,1,female,,,1,0,1,NA,72d8eebbf5fcf8fc44008a94a5b76c6f,2022-11-11T14:45:12Z
RO_143450,Strada Electricienilor,RO,NA,0,NA,,,1,0,1,NA,72d8eebbf5fcf8fc44008a94a5b76c6f,2022-11-11T14:44:49Z
RO_143450,Strada El Greco,RO,Q301,1,male,,,1,0,1,NA,72d8eebbf5fcf8fc44008a94a5b76c6f,2022-11-11T14:41:08Z
RO_143450,Strada Egalității,RO,Q912512,0,NA,,,1,0,1,NA,72d8eebbf5fcf8fc44008a94a5b76c6f,2022-11-11T14:40:50Z
RO_143450,Strada Eduard Albert Bieltz,RO,Q987698,0,NA,,,1,0,1,NA,72d8eebbf5fcf8fc44008a94a5b76c6f,2022-11-11T14:40:12Z
RO_143450,Strada Dulgherilor,RO,Q154549,0,NA,,,1,0,1,NA,72d8eebbf5fcf8fc44008a94a5b76c6f,2022-11-11T14:39:18Z
RO_143450,Strada Drum Nou,RO,NA,0,NA,,,1,0,1,NA,72d8eebbf5fcf8fc44008a94a5b76c6f,2022-11-11T14:38:39Z
RO_143450,Strada Dorobanților,RO,NA,0,NA,,,1,0,1,NA,72d8eebbf5fcf8fc44008a94a5b76c6f,2022-11-11T14:38:13Z
RO_143450,Strada Doljului,RO,NA,0,NA,,,1,0,1,NA,72d8eebbf5fcf8fc44008a94a5b76c6f,2022-11-11T14:37:47Z
RO_143450,Strada Doinei,RO,NA,0,NA,,,1,0,1,NA,72d8eebbf5fcf8fc44008a94a5b76c6f,2022-11-11T14:33:06Z
RO_143450,Strada Doctor Stanca,RO,NA,1,male,,,1,0,1,NA,72d8eebbf5fcf8fc44008a94a5b76c6f,2022-11-11T14:32:50Z
RO_143450,Strada Doctor Ioan Lupaș,RO,Q6061817,1,male,,,1,0,1,NA,72d8eebbf5fcf8fc44008a94a5b76c6f,2022-11-11T14:31:48Z
RO_143450,Strada Doctor Dumitru Bagdazar,RO,Q18537650,1,male,,,1,0,1,NA,72d8eebbf5fcf8fc44008a94a5b76c6f,2022-11-11T14:31:28Z
RO_143450,Strada Doctor Corneliu Diaconovici,RO,Q13472414,1,male,,,1,0,1,NA,72d8eebbf5fcf8fc44008a94a5b76c6f,2022-11-11T14:31:02Z
RO_143450,Strada Doctor Barcianu,RO,NA,1,male,,,1,0,1,NA,72d8eebbf5fcf8fc44008a94a5b76c6f,2022-11-11T14:30:43Z
RO_143450,Strada Dobârca,RO,Q747180,0,NA,,,1,0,1,NA,72d8eebbf5fcf8fc44008a94a5b76c6f,2022-11-11T14:28:18Z
RO_143450,Strada Distribuției,RO,NA,0,NA,,,1,0,1,NA,72d8eebbf5fcf8fc44008a94a5b76c6f,2022-11-11T14:27:57Z
RO_143450,Strada Dinicu Golescu,RO,Q731706,1,male,,,1,0,1,NA,72d8eebbf5fcf8fc44008a94a5b76c6f,2022-11-11T14:27:12Z
RO_143450,Strada Dimitrie Cantemir,RO,Q159933,1,male,,,1,0,1,NA,72d8eebbf5fcf8fc44008a94a5b76c6f,2022-11-11T14:10:30Z
RO_143450,Strada Dimitrie Anghel,RO,Q905508,1,male,,,1,0,1,NA,72d8eebbf5fcf8fc44008a94a5b76c6f,2022-11-11T14:09:46Z
RO_143450,Strada Diaconul Coressi,RO,Q869105,1,male,,,1,0,1,NA,72d8eebbf5fcf8fc44008a94a5b76c6f,2022-11-11T14:09:20Z
RO_143450,Strada Deventer,RO,NA,0,NA,,,1,0,1,NA,72d8eebbf5fcf8fc44008a94a5b76c6f,2022-11-11T14:07:49Z
RO_143450,Strada Decebal,RO,Q28928,1,male,,,1,0,1,NA,72d8eebbf5fcf8fc44008a94a5b76c6f,2022-11-11T14:05:12Z
RO_143450,Strada Darstelor,RO,NA,0,NA,,,1,0,1,NA,72d8eebbf5fcf8fc44008a94a5b76c6f,2022-11-11T14:04:59Z
RO_143450,Strada Dafinului,RO,Q26006,0,NA,,,1,0,1,NA,72d8eebbf5fcf8fc44008a94a5b76c6f,2022-11-11T14:04:28Z
RO_143450,Strada Bungardului,RO,NA,0,NA,,,1,0,1,NA,1531daf08732be49404f13e5c97472a4,2022-11-11T12:08:05Z
RO_143450,Strada Budislavu,RO,Q10361615,0,NA,,,1,0,1,NA,1531daf08732be49404f13e5c97472a4,2022-11-11T12:07:10Z
RO_143450,Strada Bucovinei,RO,Q105206,0,NA,,,1,0,1,NA,1531daf08732be49404f13e5c97472a4,2022-11-11T12:02:01Z
RO_143450,Strada Brutarilor,RO,Q274393,0,NA,,,1,0,1,NA,1531daf08732be49404f13e5c97472a4,2022-11-11T12:01:42Z
RO_143450,Strada Bratislava,RO,Q1780,0,NA,,,1,0,1,NA,1531daf08732be49404f13e5c97472a4,2022-11-11T12:01:18Z
RO_143450,Strada Brândușei,RO,NA,0,NA,,,1,0,1,NA,1531daf08732be49404f13e5c97472a4,2022-11-11T12:00:40Z
RO_143450,Strada Bradului,RO,Q25350,0,NA,,,1,0,1,NA,1531daf08732be49404f13e5c97472a4,2022-11-11T12:00:21Z
RO_143450,Strada Boticelli,RO,Q5669,1,male,,,1,0,1,NA,1531daf08732be49404f13e5c97472a4,2022-11-11T11:59:56Z
RO_143450,Strada Blănarilor,RO,NA,0,NA,,,1,0,1,NA,1531daf08732be49404f13e5c97472a4,2022-11-11T11:57:37Z
RO_143450,Strada Bihorului,RO,Q794778,0,NA,,,1,0,1,NA,1531daf08732be49404f13e5c97472a4,2022-11-11T11:56:56Z
RO_143450,Strada Berzelor,RO,NA,0,NA,,,1,0,1,NA,1531daf08732be49404f13e5c97472a4,2022-11-11T11:46:49Z
RO_143450,Strada Berlin,RO,Q64,0,NA,,,1,0,1,NA,1531daf08732be49404f13e5c97472a4,2022-11-11T11:46:05Z
RO_143450,Strada Berăriei,RO,Q858012,0,NA,,,1,0,1,NA,1531daf08732be49404f13e5c97472a4,2022-11-11T11:44:55Z
RO_143450,Strada Bastionului,RO,Q81851,0,NA,,,1,0,1,NA,1531daf08732be49404f13e5c97472a4,2022-11-11T11:44:22Z
RO_143450,Strada Barcelona,RO,Q1492,0,NA,,,1,0,1,NA,1531daf08732be49404f13e5c97472a4,2022-11-11T11:44:07Z
RO_143450,Strada Bărbierilor,RO,Q107198,0,NA,,,1,0,1,NA,1531daf08732be49404f13e5c97472a4,2022-11-11T11:43:33Z
RO_143450,Strada Banatului,RO,Q170143,0,NA,,,1,0,1,NA,1531daf08732be49404f13e5c97472a4,2022-11-11T11:41:33Z
RO_143450,Strada Balanței,RO,NA,0,NA,,,1,0,1,NA,1531daf08732be49404f13e5c97472a4,2022-11-11T11:41:15Z
RO_143450,Strada Băii,RO,NA,0,NA,,,1,0,1,NA,1531daf08732be49404f13e5c97472a4,2022-11-11T11:40:21Z
RO_143450,Strada Băicoi,RO,Q283862,0,NA,,,1,0,1,NA,1531daf08732be49404f13e5c97472a4,2022-11-11T11:37:49Z
RO_143450,Strada Azilului,RO,NA,0,NA,,,1,0,1,NA,1531daf08732be49404f13e5c97472a4,2022-11-11T11:37:00Z
RO_143450,Strada Avocat Ilie Măcelaru,RO,Q12730321,1,male,,,1,0,1,NA,1531daf08732be49404f13e5c97472a4,2022-11-11T11:34:47Z
RO_143450,Strada Aviator Gheorghe Bănciulescu,RO,Q5556284,1,male,,,1,0,1,NA,1531daf08732be49404f13e5c97472a4,2022-11-11T11:33:22Z
RO_143450,Strada Autogării,RO,Q494829,0,NA,,,1,0,1,NA,1531daf08732be49404f13e5c97472a4,2022-11-11T11:32:59Z
RO_143450,Strada August Treboniu Laurian,RO,Q2870948,1,male,,,1,0,1,NA,1531daf08732be49404f13e5c97472a4,2022-11-11T11:32:42Z
RO_143450,Strada Arieșului,RO,Q660435,0,NA,,,1,0,1,NA,1531daf08732be49404f13e5c97472a4,2022-11-11T11:32:29Z
RO_143450,Strada Arhivelor,RO,Q166118,0,NA,,,1,0,1,NA,1531daf08732be49404f13e5c97472a4,2022-11-11T11:32:03Z
RO_143450,Strada Argintarilor,RO,NA,0,NA,,,1,0,1,NA,1531daf08732be49404f13e5c97472a4,2022-11-11T11:25:10Z
RO_143450,Strada Argeșului,RO,Q214811,0,NA,,,1,0,1,NA,1531daf08732be49404f13e5c97472a4,2022-11-11T11:24:46Z
RO_143450,Strada Anul 1907,RO,Q2048,0,NA,,,1,0,1,NA,1531daf08732be49404f13e5c97472a4,2022-11-11T11:16:56Z
RO_143450,Strada Anul 1848,RO,Q7647,0,NA,,,1,0,1,NA,1531daf08732be49404f13e5c97472a4,2022-11-11T11:16:33Z
RO_143450,Strada Anghel Salihny,RO,Q285575,1,male,,,1,0,1,NA,1531daf08732be49404f13e5c97472a4,2022-11-11T11:16:08Z
RO_143450,Strada Andrei Șaguna,RO,Q502776,1,male,,,1,0,1,NA,1531daf08732be49404f13e5c97472a4,2022-11-11T11:14:59Z
RO_143450,Strada Andrei Mureșanu,RO,Q502292,1,male,,,1,0,1,NA,1531daf08732be49404f13e5c97472a4,2022-11-11T11:14:34Z
RO_143450,Strada Anatole France,RO,Q42443,1,male,culture,,1,0,1,NA,1531daf08732be49404f13e5c97472a4,2022-11-11T11:14:12Z
RO_143450,Strada Ana Ipătescu,RO,Q12720571,1,female,politics,,1,0,1,NA,1531daf08732be49404f13e5c97472a4,2022-11-11T11:13:53Z
RO_143450,Strada Amnaș,RO,Q834726,0,NA,,,1,0,1,NA,1531daf08732be49404f13e5c97472a4,2022-11-11T11:13:32Z
RO_143450,Strada Alpinismului,RO,Q36908,0,NA,,,1,0,1,NA,1531daf08732be49404f13e5c97472a4,2022-11-11T11:13:12Z
RO_143450,Strada Alexandru Xenopol,RO,Q635387,1,male,,,1,0,1,NA,1531daf08732be49404f13e5c97472a4,2022-11-11T11:12:45Z
RO_143450,Strada Alexandru Papiu-Ilarian,RO,Q276824,1,male,,,1,0,1,NA,d6aec579d877e5bdcd630b175d4a3b59,2022-11-11T10:06:29Z
RO_143450,Strada Alexandru Odobescu,RO,Q609482,0,NA,,,1,0,1,NA,d6aec579d877e5bdcd630b175d4a3b59,2022-11-11T10:06:05Z
RO_143450,Strada Alexandru Ioan Cuza,RO,Q294832,1,male,,,1,0,1,NA,d6aec579d877e5bdcd630b175d4a3b59,2022-11-11T10:00:40Z
RO_143450,Strada Alba Iulia,RO,Q174665,0,NA,,,1,0,1,NA,d6aec579d877e5bdcd630b175d4a3b59,2022-11-11T10:00:22Z
RO_143450,Strada Alămor,RO,Q575255,0,NA,,,1,0,1,NA,d6aec579d877e5bdcd630b175d4a3b59,2022-11-11T09:54:15Z
RO_143450,Strada Agârbiciu,RO,Q399617,0,NA,,,1,0,1,NA,d6aec579d877e5bdcd630b175d4a3b59,2022-11-11T09:51:19Z
RO_143450,Strada Abatorului,RO,Q385557,0,NA,,,1,0,1,NA,d6aec579d877e5bdcd630b175d4a3b59,2022-11-11T09:51:02Z
RO_143450,Șoseaua Alba Iulia,RO,Q174665,0,NA,,,1,0,1,NA,d6aec579d877e5bdcd630b175d4a3b59,2022-11-11T09:49:19Z
RO_143450,Scara Cetatenilor,RO,Q1020994,0,NA,,,1,0,1,NA,d6aec579d877e5bdcd630b175d4a3b59,2022-11-11T09:48:11Z
RO_143450,Prelungirea Rampa Ștefan cel Mare,RO,NA,NA,NA,NA,NA,1,1,1,NA,d6aec579d877e5bdcd630b175d4a3b59,2022-11-11T09:46:58Z
RO_143450,Podul Minciunilor,RO,Q4925193,0,NA,,,1,0,1,NA,d6aec579d877e5bdcd630b175d4a3b59,2022-11-11T09:46:50Z
RO_143450,Piațeta Târgul Peștelui,RO,Q1188480,0,NA,,,1,0,1,NA,d6aec579d877e5bdcd630b175d4a3b59,2022-11-11T09:45:54Z
RO_143450,Piața Teatrului,RO,Q11635,0,NA,,,1,0,1,NA,d6aec579d877e5bdcd630b175d4a3b59,2022-11-11T09:45:15Z
RO_143450,Piața Tălmaciu,RO,Q679428,0,NA,,,1,0,1,NA,d6aec579d877e5bdcd630b175d4a3b59,2022-11-11T09:43:50Z
RO_143450,Piața Schiller,RO,Q22670,1,male,,,1,0,1,NA,d6aec579d877e5bdcd630b175d4a3b59,2022-11-11T09:43:34Z
RO_143450,Piața Prahovei,RO,Q188665,0,NA,,,1,0,1,NA,d6aec579d877e5bdcd630b175d4a3b59,2022-11-11T09:43:21Z
RO_143450,Piața Mică,RO,NA,0,NA,,,1,0,1,NA,d6aec579d877e5bdcd630b175d4a3b59,2022-11-11T09:40:55Z
RO_143450,Piața Mare,RO,NA,0,NA,,,1,0,1,NA,d6aec579d877e5bdcd630b175d4a3b59,2022-11-11T09:40:41Z
RO_143450,Piața La Coroana,RO,NA,0,NA,,,1,0,1,NA,d6aec579d877e5bdcd630b175d4a3b59,2022-11-11T09:40:03Z
RO_143450,Piața Friedrich von Schiller,RO,Q22670,1,male,,,1,0,1,NA,d6aec579d877e5bdcd630b175d4a3b59,2022-11-11T09:39:58Z
RO_143450,Piața Dragoner,RO,NA,0,NA,,,1,0,1,NA,d6aec579d877e5bdcd630b175d4a3b59,2022-11-11T09:39:42Z
RO_143450,Piața Crișan,RO,NA,0,NA,,,1,0,1,NA,d6aec579d877e5bdcd630b175d4a3b59,2022-11-11T09:39:26Z
RO_143450,Piața Cluj,RO,Q100188,0,NA,,,1,0,1,NA,d6aec579d877e5bdcd630b175d4a3b59,2022-11-11T09:38:56Z
RO_143450,Piața Cibin,RO,Q167640,0,NA,,,1,0,1,NA,d6aec579d877e5bdcd630b175d4a3b59,2022-11-11T09:38:36Z
RO_143450,Piața Aurel Vlaicu,RO,Q781514,1,male,,,1,0,1,NA,d6aec579d877e5bdcd630b175d4a3b59,2022-11-11T09:37:53Z
RO_143450,Piața Aurarilor,RO,NA,0,NA,,,1,0,1,NA,d6aec579d877e5bdcd630b175d4a3b59,2022-11-11T09:37:39Z
RO_143450,Piața Armelor,RO,NA,0,NA,,,1,0,1,NA,d6aec579d877e5bdcd630b175d4a3b59,2022-11-11T09:37:20Z
RO_143450,Piata Armelor,RO,NA,0,NA,,,1,0,1,NA,d6aec579d877e5bdcd630b175d4a3b59,2022-11-11T09:37:12Z
RO_143450,Piața Albert Huet,RO,Q577820,1,male,,,1,0,1,NA,d6aec579d877e5bdcd630b175d4a3b59,2022-11-11T09:37:08Z
RO_143450,Piața 1 Decembrie 1918,RO,Q61081194,0,NA,,,1,0,1,NA,d6aec579d877e5bdcd630b175d4a3b59,2022-11-11T09:36:07Z
RO_143450,Pasajul Tălmaciu,RO,Q679428,0,NA,,,1,0,1,NA,d6aec579d877e5bdcd630b175d4a3b59,2022-11-11T09:35:27Z
RO_143450,Pasajul Spitalului,RO,Q16917,0,NA,,,1,0,1,NA,d6aec579d877e5bdcd630b175d4a3b59,2022-11-11T09:34:33Z
RO_143450,Pasajul Școlii,RO,NA,0,NA,,,1,0,1,NA,d6aec579d877e5bdcd630b175d4a3b59,2022-11-11T09:34:18Z
RO_143450,Pasajul Scărilor,RO,NA,0,NA,,,1,0,1,NA,d6aec579d877e5bdcd630b175d4a3b59,2022-11-11T09:33:53Z
RO_143450,Pasajul Petőfi Sándor,RO,Q81219,1,male,,,1,0,1,NA,d6aec579d877e5bdcd630b175d4a3b59,2022-11-11T09:27:00Z
RO_143450,Pasajul Aurarilor,RO,NA,0,NA,,,1,0,1,NA,d6aec579d877e5bdcd630b175d4a3b59,2022-11-11T09:26:43Z
RO_143450,Pasaj pietonal subteran Piața Unirii,RO,NA,NA,NA,NA,NA,1,1,1,NA,d6aec579d877e5bdcd630b175d4a3b59,2022-11-11T09:26:15Z
RO_143450,Paralel cu drumul,RO,NA,NA,NA,NA,NA,1,1,1,NA,d6aec579d877e5bdcd630b175d4a3b59,2022-11-11T09:26:12Z
RO_143450,Padurea Dumbrava,RO,Q5313744,0,NA,,,1,0,1,NA,d6aec579d877e5bdcd630b175d4a3b59,2022-11-11T09:26:07Z
RO_143450,McDrive,RO,NA,NA,NA,NA,NA,1,1,1,NA,d6aec579d877e5bdcd630b175d4a3b59,2022-11-11T09:25:46Z
RO_143450,Intrarea Siretului,RO,Q208302,0,NA,,,1,0,1,NA,d6aec579d877e5bdcd630b175d4a3b59,2022-11-11T09:25:20Z
RO_143450,Intrarea Arieșului,RO,Q660435,0,NA,,,1,0,1,NA,d6aec579d877e5bdcd630b175d4a3b59,2022-11-11T09:24:48Z
RO_143450,Habermann Markt,RO,NA,0,NA,,,1,0,1,NA,d6aec579d877e5bdcd630b175d4a3b59,2022-11-11T09:24:29Z
RO_143450,Fundătura Lânii,RO,NA,0,NA,,,1,0,1,NA,d6aec579d877e5bdcd630b175d4a3b59,2022-11-11T09:23:50Z
RO_143450,Fundătura Brazilor,RO,NA,0,NA,,,1,0,1,NA,d6aec579d877e5bdcd630b175d4a3b59,2022-11-11T09:23:09Z
RO_143450,Drumul Ocnei,RO,Q186719,0,NA,,,1,0,1,NA,d6aec579d877e5bdcd630b175d4a3b59,2022-11-11T09:22:52Z
RO_143450,Deal Poplaca - Calea Poplacii,RO,NA,NA,NA,NA,NA,1,1,1,NA,d6aec579d877e5bdcd630b175d4a3b59,2022-11-11T09:22:21Z
RO_143450,Calea Turnișorului,RO,Q493113,0,NA,,,1,0,1,NA,d6aec579d877e5bdcd630b175d4a3b59,2022-11-11T09:21:55Z
RO_143450,Calea Șurii Mici,RO,Q5059486,0,NA,,,1,0,1,NA,d6aec579d877e5bdcd630b175d4a3b59,2022-11-11T09:21:29Z
RO_143450,Calea Șurii Mari,RO,Q5059532,0,NA,,,1,0,1,NA,d6aec579d877e5bdcd630b175d4a3b59,2022-11-11T09:21:02Z
RO_143450,Calea Rășinari,RO,Q5059649,0,NA,,,1,0,1,NA,d6aec579d877e5bdcd630b175d4a3b59,2022-11-11T09:20:32Z
RO_143450,Calea Poplăcii,RO,Q5056058,0,NA,,,1,0,1,NA,d6aec579d877e5bdcd630b175d4a3b59,2022-11-11T09:19:52Z
RO_143450,Calea Gușteriței,RO,Q639873,0,NA,,,1,0,1,NA,d6aec579d877e5bdcd630b175d4a3b59,2022-11-11T09:19:34Z
RO_143450,Calea Dumbrăvii - Cimitir,RO,NA,NA,NA,NA,NA,1,1,1,NA,d6aec579d877e5bdcd630b175d4a3b59,2022-11-11T09:16:33Z
RO_143450,Calea Dumbrăvii,RO,NA,0,NA,,,1,0,1,NA,d6aec579d877e5bdcd630b175d4a3b59,2022-11-11T09:16:30Z
RO_143450,Calea Cisnădiei,RO,Q837173,0,NA,,,1,0,1,NA,d6aec579d877e5bdcd630b175d4a3b59,2022-11-11T09:16:25Z
RO_143450,Bulevardul Victoriei,RO,NA,0,NA,,,1,0,1,NA,d6aec579d877e5bdcd630b175d4a3b59,2022-11-11T09:15:54Z
RO_143450,Bulevardul Vasile Milea,RO,Q1365612,1,male,,,1,0,1,NA,d6aec579d877e5bdcd630b175d4a3b59,2022-11-11T09:15:31Z
RO_143450,Bulevardul Mihai Viteazul,RO,Q118755,1,male,,,1,0,1,NA,d6aec579d877e5bdcd630b175d4a3b59,2022-11-11T09:15:13Z
RO_143450,Bulevardul General Vasile Milea,RO,Q1365612,1,male,,,1,0,1,NA,d6aec579d877e5bdcd630b175d4a3b59,2022-11-11T09:15:00Z
RO_143450,Aleea Valea Săpunului,RO,Q7910393,0,NA,,,1,0,1,NA,d6aec579d877e5bdcd630b175d4a3b59,2022-11-11T09:14:45Z
RO_143450,Aleea Valea Frumoasei,RO,NA,0,NA,,,1,0,1,NA,d6aec579d877e5bdcd630b175d4a3b59,2022-11-11T09:14:09Z
RO_143450,Aleea Turnu Roșu,RO,Q3918303,0,NA,,,1,0,1,NA,d6aec579d877e5bdcd630b175d4a3b59,2022-11-11T09:14:03Z
RO_143450,Aleea Tizian,RO,Q47551,1,male,,,1,0,1,NA,d6aec579d877e5bdcd630b175d4a3b59,2022-11-11T09:13:45Z
RO_143450,Aleea Țesătorilor,RO,NA,0,NA,,,1,0,1,NA,d6aec579d877e5bdcd630b175d4a3b59,2022-11-11T09:13:20Z
RO_143450,Aleea Târgul Cailor,RO,NA,0,NA,,,1,0,1,NA,d6aec579d877e5bdcd630b175d4a3b59,2022-11-11T09:13:01Z
RO_143450,Aleea Taberei,RO,NA,0,NA,,,1,0,1,NA,d6aec579d877e5bdcd630b175d4a3b59,2022-11-11T09:12:40Z
RO_143450,Aleea Streiu,RO,Q7623194,0,NA,,,1,0,1,NA,d6aec579d877e5bdcd630b175d4a3b59,2022-11-11T09:12:34Z
RO_143450,Aleea Șteaza,RO,Q8083888,0,NA,,,1,0,1,NA,d6aec579d877e5bdcd630b175d4a3b59,2022-11-11T09:10:32Z
RO_143450,Aleea Sibiel,RO,Q726219,0,NA,,,1,0,1,NA,d6aec579d877e5bdcd630b175d4a3b59,2022-11-11T09:10:11Z
RO_143450,Aleea Seviș,RO,NA,0,NA,,,1,0,1,NA,d6aec579d877e5bdcd630b175d4a3b59,2022-11-11T09:09:52Z
RO_143450,Aleea Șelimbăr,RO,Q3404145,0,NA,,,1,0,1,NA,d6aec579d877e5bdcd630b175d4a3b59,2022-11-11T09:09:23Z
RO_143450,Aleea Rusciorului,RO,NA,0,NA,,,1,0,1,NA,d6aec579d877e5bdcd630b175d4a3b59,2022-11-11T09:08:48Z
RO_143450,Aleea Roșiorilor,RO,NA,0,NA,,,1,0,1,NA,d6aec579d877e5bdcd630b175d4a3b59,2022-11-11T09:01:37Z
RO_143450,Aleea Rafael,RO,Q5597,1,male,,,1,0,1,NA,d6aec579d877e5bdcd630b175d4a3b59,2022-11-11T09:01:10Z
RO_143450,Aleea Principală,RO,NA,0,NA,,,1,0,1,NA,d6aec579d877e5bdcd630b175d4a3b59,2022-11-11T09:00:54Z
RO_143450,Aleea Petuniei,RO,Q161103,0,NA,,,1,0,1,NA,d6aec579d877e5bdcd630b175d4a3b59,2022-11-11T09:00:34Z
RO_143450,Aleea Parcul Cetății,RO,NA,0,NA,,,1,0,1,NA,d6aec579d877e5bdcd630b175d4a3b59,2022-11-11T09:00:18Z
RO_143450,Aleea Pajiștei,RO,NA,0,NA,,,1,0,1,NA,d6aec579d877e5bdcd630b175d4a3b59,2022-11-11T09:00:14Z
RO_143450,Aleea Nicolae Tonitza,RO,Q733762,1,male,culture,,1,0,1,NA,d6aec579d877e5bdcd630b175d4a3b59,2022-11-11T09:00:01Z
RO_143450,Aleea Monet,RO,Q296,1,male,,,1,0,1,NA,d6aec579d877e5bdcd630b175d4a3b59,2022-11-11T08:59:35Z
RO_143450,Aleea Mihai Eminescu,RO,Q184935,1,male,,,1,0,1,NA,d6aec579d877e5bdcd630b175d4a3b59,2022-11-11T08:59:17Z
RO_143450,Aleea Infanteristilor,RO,NA,0,NA,,,1,0,1,NA,d6aec579d877e5bdcd630b175d4a3b59,2022-11-11T08:59:03Z
RO_143450,Aleea Iasomiei,RO,NA,0,NA,,,1,0,1,NA,d6aec579d877e5bdcd630b175d4a3b59,2022-11-11T08:59:00Z
RO_143450,Aleea Geniștilor,RO,NA,0,NA,,,1,0,1,NA,d6aec579d877e5bdcd630b175d4a3b59,2022-11-11T08:58:54Z
RO_143450,Aleea Frații Buzești,RO,Q25459719,1,male,,,1,0,3,NA,d6aec579d877e5bdcd630b175d4a3b59,2022-11-11T08:58:16Z
RO_143450,Aleea Frații Buzești,RO,Q12738437,1,male,,,1,0,3,NA,d6aec579d877e5bdcd630b175d4a3b59,2022-11-11T08:57:21Z
RO_143450,Aleea Frații Buzești,RO,Q28726062,1,male,,,1,0,3,NA,d6aec579d877e5bdcd630b175d4a3b59,2022-11-11T08:56:33Z
RO_143450,Aleea Fântânele,RO,NA,0,NA,,,1,0,1,NA,d6aec579d877e5bdcd630b175d4a3b59,2022-11-11T08:55:27Z
RO_143450,Aleea Crăițelor,RO,NA,0,NA,,,1,0,1,NA,d6aec579d877e5bdcd630b175d4a3b59,2022-11-11T08:54:59Z
RO_143450,Aleea Filozofilor,RO,Q4964182,0,NA,,,1,0,1,NA,55ed847a6c94e58e8aefe36a77836a3c,2022-10-04T09:55:53Z
RO_143450,Aleea Călăreților,RO,Q2730732,0,NA,,,1,0,1,NA,55ed847a6c94e58e8aefe36a77836a3c,2022-10-04T09:53:16Z
RO_143450,Aleea Călărașilor,RO,NA,0,NA,,,1,0,1,NA,55ed847a6c94e58e8aefe36a77836a3c,2022-10-04T09:52:41Z
RO_143450,Aleea Buia,RO,Q303636,0,NA,,,1,0,1,NA,55ed847a6c94e58e8aefe36a77836a3c,2022-10-04T09:51:47Z
RO_143450,Aleea Biruinței,RO,NA,0,NA,,,1,0,1,NA,55ed847a6c94e58e8aefe36a77836a3c,2022-10-04T09:51:26Z
RO_143450,Aleea Artileriștilor,RO,Q4070283,0,NA,,,1,0,1,NA,55ed847a6c94e58e8aefe36a77836a3c,2022-10-04T09:48:13Z
RO_143450,Alea haiducului,RO,Q217731,0,NA,,,1,0,1,NA,55ed847a6c94e58e8aefe36a77836a3c,2022-10-04T09:47:54Z
