gisco_id,street_name,country,named_after_id,person,gender,category,tag,checked,ignore,named_after_n,named_after_custom_label,session,time,label,description,instance_of_label,date_of_birth,date_of_death
RO_143450,Strada Zaharia Boiu,RO,Q12743969,1,male,,,1,0,1,NA,2fd23cb8afb7fcc5aa58c68a1d6bade4,2023-02-28T14:28:08Z,Zaharia Boiu,NA,human,+1834-03-01T00:00:00Z,+1903-11-06T00:00:00Z
RO_143450,Strada Octavian Smighelschi,RO,NA,1,male,,,1,0,1,NA,173b434aebe76b3b2ef47fe4880d33fd,2023-02-06T12:42:56Z,NA,NA,NA,NA,NA
RO_143450,Viaductul Mihai Kogălniceanu,RO,Q319759,1,male,,,1,0,1,NA,32e97586cb209af2002dfe11290b31fe,2022-11-28T23:25:02Z,Mihail Kogălniceanu,"Moldavian-born Romanian liberal statesman, lawyer, historian and publicist (1817-1891)",human,+1817-09-06T00:00:00Z,+1891-07-01T00:00:00Z
RO_143450,Strada Vrancei,RO,Q182778,0,NA,,,1,0,1,NA,32e97586cb209af2002dfe11290b31fe,2022-11-28T23:24:01Z,Vrancea County,county in Romania,județ,NA,NA
RO_143450,Strada Vopsitorilor,RO,Q288728,0,NA,,,1,0,1,NA,32e97586cb209af2002dfe11290b31fe,2022-11-28T23:23:36Z,painter and varnisher,tradesman responsible for the painting and decorating of buildings,craft,NA,NA
RO_143450,Strada Viorelelor,RO,Q159275,0,NA,,,1,0,1,NA,3b3c7ffb23db2986b5de9797e6681604,2022-11-21T20:57:01Z,Scilla bifolia,species of plant,taxon,NA,NA
RO_143450,Strada Viilor,RO,Q22715,0,NA,,,1,0,1,NA,3b3c7ffb23db2986b5de9797e6681604,2022-11-21T20:53:15Z,vineyard,plantation of grape-bearing vines,NA,NA,NA
RO_143450,Strada Viile Sibiului,RO,NA,0,NA,,,1,0,1,NA,3b3c7ffb23db2986b5de9797e6681604,2022-11-21T20:50:42Z,NA,NA,NA,NA,NA
RO_143450,Strada Viena,RO,Q1741,0,NA,,,1,0,1,NA,3b3c7ffb23db2986b5de9797e6681604,2022-11-21T20:49:43Z,Vienna,capital of and state in Austria,federal capital,NA,NA
RO_143450,Strada Victor Tordășianu,RO,NA,1,male,,,1,0,1,NA,3b3c7ffb23db2986b5de9797e6681604,2022-11-21T20:49:26Z,NA,NA,NA,NA,NA
RO_143450,Strada Verzăriei,RO,NA,0,NA,,,1,0,1,NA,3b3c7ffb23db2986b5de9797e6681604,2022-11-21T20:48:47Z,NA,NA,NA,NA,NA
RO_143450,Strada Vasile Aaron,RO,Q783587,1,male,,,1,0,1,NA,3b3c7ffb23db2986b5de9797e6681604,2022-11-21T20:47:54Z,Vasile Aaron,Romanian poet and author,human,+1770-01-01T00:00:00Z,+1822-08-21T00:00:00Z
RO_143450,Strada Varului,RO,Q250423,0,NA,,,1,0,1,NA,3b3c7ffb23db2986b5de9797e6681604,2022-11-21T20:47:33Z,lime,calcium-containing inorganic material,NA,NA,NA
RO_143450,Strada Vârtopu,RO,NA,0,NA,,,1,0,1,NA,3b3c7ffb23db2986b5de9797e6681604,2022-11-21T20:46:29Z,NA,NA,NA,NA,NA
RO_143450,Strada Vânătorilor,RO,Q1714828,0,NA,,,1,0,1,NA,3b3c7ffb23db2986b5de9797e6681604,2022-11-21T20:45:54Z,hunter,person who hunts,occupation,NA,NA
RO_143450,Strada Valea Hotarului,RO,NA,0,NA,,,1,0,1,NA,3b3c7ffb23db2986b5de9797e6681604,2022-11-21T20:42:02Z,NA,NA,NA,NA,NA
RO_143450,Strada Valea Aurie,RO,Q7909593,0,NA,,,1,0,1,NA,3b3c7ffb23db2986b5de9797e6681604,2022-11-21T20:40:56Z,Valea Aurie River,river in Romania,river,NA,NA
RO_143450,Strada Uzinei,RO,Q83405,0,NA,,,1,0,1,NA,3b3c7ffb23db2986b5de9797e6681604,2022-11-21T20:39:19Z,factory,"facility where goods are industrially made, or processed",NA,NA,NA
RO_143450,Strada Urlea,RO,NA,0,NA,,,1,0,1,NA,3b3c7ffb23db2986b5de9797e6681604,2022-11-21T20:37:18Z,NA,NA,NA,NA,NA
RO_143450,Strada Ulmului,RO,Q131113,0,NA,,,1,0,1,NA,3b3c7ffb23db2986b5de9797e6681604,2022-11-21T20:36:52Z,Ulmus,genus of plants,taxon,NA,NA
RO_143450,Strada Turnului,RO,Q12518,0,NA,,,1,0,1,NA,3b3c7ffb23db2986b5de9797e6681604,2022-11-21T20:36:10Z,tower,structure with height greater than width,NA,NA,NA
RO_143450,Strada Turismului,RO,Q49389,0,NA,,,1,0,1,NA,3b3c7ffb23db2986b5de9797e6681604,2022-11-21T20:35:34Z,tourism,travel for pleasure or business,entertainment industry,NA,NA
RO_143450,Strada Turgheniev,RO,Q42831,1,male,,,1,0,1,NA,3b3c7ffb23db2986b5de9797e6681604,2022-11-21T20:35:15Z,Ivan Turgenev,Russian writer (1818-1883),human,+1818-10-28T00:00:00Z,+1883-08-22T00:00:00Z
RO_143450,Strada Tudor Vladimirescu,RO,Q359108,1,male,,,1,0,1,NA,3b3c7ffb23db2986b5de9797e6681604,2022-11-21T20:34:26Z,Tudor Vladimirescu,Romanian politician (1780–1821),human,+1780-00-00T00:00:00Z,+1821-05-28T00:00:00Z
RO_143450,Strada Trifoiului,RO,Q101538,0,NA,,,1,0,1,NA,3b3c7ffb23db2986b5de9797e6681604,2022-11-21T20:34:11Z,Trifolium,genus of plants,taxon,NA,NA
RO_143450,Strada Tribunei,RO,Q41487,0,NA,,,1,0,1,NA,3b3c7ffb23db2986b5de9797e6681604,2022-11-21T19:15:20Z,court,judicial institution with the authority to resolve legal disputes,NA,NA,NA
RO_143450,Strada Triajului,RO,Q519608,0,NA,,,1,0,1,NA,3b3c7ffb23db2986b5de9797e6681604,2022-11-21T19:07:16Z,classification yard,rail yard used for assembling rail cars into trains,NA,NA,NA
RO_143450,Strada Trandafirului,RO,Q34687,0,NA,,,1,0,1,NA,3b3c7ffb23db2986b5de9797e6681604,2022-11-21T19:05:47Z,Rosa,genus of plants,taxon,NA,NA
RO_143450,Strada Traian Demetrescu,RO,Q7832690,1,male,,,1,0,1,NA,3b3c7ffb23db2986b5de9797e6681604,2022-11-21T19:04:05Z,Traian Demetrescu,Romanian writer (1866-1896),human,+1866-12-05T00:00:00Z,+1896-04-17T00:00:00Z
RO_143450,Strada Tractorului,RO,Q39495,0,NA,,,1,0,1,NA,3b3c7ffb23db2986b5de9797e6681604,2022-11-21T19:03:28Z,tractor,engineering vehicle specifically designed to deliver a high tractive effort,NA,NA,NA
RO_143450,Strada Toporașilor,RO,Q42880749,0,NA,,,1,0,1,NA,cecc32c05ab900f834510a7e3fb5eefb,2022-11-20T17:13:53Z,NA,"heritage site in Caraș-Severin County, Romania",NA,NA,NA
RO_143450,Strada Topitorilor,RO,Q65515162,0,NA,,,1,0,1,NA,cecc32c05ab900f834510a7e3fb5eefb,2022-11-20T17:12:45Z,smelter,an installation or factory for smelting a metal from its ore,NA,NA,NA
RO_143450,Strada Topazului,RO,Q134985,0,NA,,,1,0,1,NA,cecc32c05ab900f834510a7e3fb5eefb,2022-11-20T17:05:04Z,topaz,nesosilicate mineral,mineral species,NA,NA
RO_143450,Strada Tohan,RO,NA,0,NA,,,1,0,1,NA,cecc32c05ab900f834510a7e3fb5eefb,2022-11-20T17:01:09Z,NA,NA,NA,NA,NA
RO_143450,Strada Tineretului,RO,Q190007,0,NA,,,1,0,1,NA,cecc32c05ab900f834510a7e3fb5eefb,2022-11-20T17:00:28Z,youth,time of life when one is young,phase of human life,NA,NA
RO_143450,Strada Timotei Popovici,RO,Q18547004,1,male,,,1,0,1,NA,cecc32c05ab900f834510a7e3fb5eefb,2022-11-20T17:00:03Z,Timotei Popovici,Romanian priest and composer,human,+1870-08-20T00:00:00Z,+1950-09-11T00:00:00Z
RO_143450,Strada Timișoara,RO,Q83404,0,NA,,,1,0,1,NA,cecc32c05ab900f834510a7e3fb5eefb,2022-11-20T16:59:22Z,Timișoara,"city and county seat in Timiș County, Romania",municipiu of Romania,NA,NA
RO_143450,Strada Tilișca,RO,Q5064971,0,NA,,,1,0,1,NA,cecc32c05ab900f834510a7e3fb5eefb,2022-11-20T16:24:54Z,Tilișca,"commune in Sibiu County, Romania",commune of Romania,NA,NA
RO_143450,Strada Țiglari,RO,Q18385897,0,NA,,,1,0,1,NA,17458f94121d0a87a9fbe35778895ff3,2022-11-20T09:52:25Z,Țiglari,NA,NA,NA,NA
RO_143450,Strada Theodor Neculuță,RO,Q18544290,1,male,,,1,0,1,NA,17458f94121d0a87a9fbe35778895ff3,2022-11-20T09:50:40Z,Dumitru Theodor Neculuță,Romanian poet (1859-1904),human,+1859-09-20T00:00:00Z,+1904-10-17T00:00:00Z
RO_143450,Strada Theodor Mihaly,RO,Q12742232,1,male,,,1,0,1,NA,17458f94121d0a87a9fbe35778895ff3,2022-11-20T09:50:21Z,Theodor Mihali,politician (1855-1934),human,+1855-03-15T00:00:00Z,+1934-01-17T00:00:00Z
RO_143450,Strada Theodor Aman,RO,Q716808,1,male,,,1,0,1,NA,17458f94121d0a87a9fbe35778895ff3,2022-11-20T09:49:23Z,Theodor Aman,painter (1831-1891),human,+1831-03-20T00:00:00Z,+1891-08-19T00:00:00Z
RO_143450,Strada Teliuc,RO,NA,0,NA,,,1,0,1,NA,17458f94121d0a87a9fbe35778895ff3,2022-11-20T09:38:58Z,NA,NA,NA,NA,NA
RO_143450,Strada Telefoanelor,RO,Q11035,0,NA,,,1,0,1,NA,17458f94121d0a87a9fbe35778895ff3,2022-11-20T09:32:40Z,telephone,telecommunications device,NA,NA,NA
RO_143450,Strada Teilor,RO,Q127849,0,NA,,,1,0,1,NA,17458f94121d0a87a9fbe35778895ff3,2022-11-20T09:32:18Z,Tilia,genus of plants,taxon,NA,NA
RO_143450,Strada Târgului,RO,Q330284,0,NA,,,1,0,1,NA,17458f94121d0a87a9fbe35778895ff3,2022-11-20T09:31:55Z,marketplace,space in which a market operates,NA,NA,NA
RO_143450,Strada Târgul Peștelui,RO,Q1188480,0,NA,,,1,0,1,NA,17458f94121d0a87a9fbe35778895ff3,2022-11-20T09:30:19Z,fish market,marketplace for fish products,NA,NA,NA
RO_143450,Strada Târgul Fânului,RO,NA,0,NA,,,1,0,1,NA,17458f94121d0a87a9fbe35778895ff3,2022-11-20T09:28:51Z,NA,NA,NA,NA,NA
RO_143450,Strada Târgul Cailor,RO,Q2747221,0,NA,,,1,0,1,NA,17458f94121d0a87a9fbe35778895ff3,2022-11-20T09:27:48Z,horse market,livestock market for trading horses,NA,NA,NA
RO_143450,Strada Tălmăcel,RO,Q3893977,0,NA,,,1,0,1,NA,17458f94121d0a87a9fbe35778895ff3,2022-11-20T09:25:26Z,Tălmăcel,"village in Sibiu County, Romania",village,NA,NA
RO_143450,Strada Suru,RO,NA,0,NA,,,1,0,1,NA,17458f94121d0a87a9fbe35778895ff3,2022-11-20T09:25:08Z,NA,NA,NA,NA,NA
RO_143450,Strada Șureanu,RO,Q549664,0,NA,,,1,0,1,NA,17458f94121d0a87a9fbe35778895ff3,2022-11-20T09:24:12Z,Şureanu Mountains,mountain range,mountain range,NA,NA
RO_143450,Strada Strungului,RO,Q187833,0,NA,,,1,0,1,NA,e5e78deff9d8acedd4ce3a1adccc195c,2022-11-19T16:11:11Z,lathe,machine tool which rotates the workpiece on its axis,NA,NA,NA
RO_143450,Strada Ștrandului,RO,Q18385893,0,NA,,,1,0,1,NA,e5e78deff9d8acedd4ce3a1adccc195c,2022-11-19T15:49:22Z,Ștrand,residential district of Sibiu,NA,NA,NA
RO_143450,Strada Stejarului,RO,Q165145,0,NA,,,1,0,1,NA,e5e78deff9d8acedd4ce3a1adccc195c,2022-11-19T15:43:00Z,Quercus robur,species of plant,taxon,NA,NA
RO_143450,Strada Steflești,RO,Q12743814,0,NA,,,1,0,1,NA,e5e78deff9d8acedd4ce3a1adccc195c,2022-11-19T15:42:20Z,Șteflești,NA,summit,NA,NA
RO_143450,Strada Ștefan Luchian,RO,Q397123,1,male,,,1,0,1,NA,e5e78deff9d8acedd4ce3a1adccc195c,2022-11-19T15:38:33Z,Ștefan Luchian,Romanian painter (1868-1916),human,+1868-02-01T00:00:00Z,+1916-06-28T00:00:00Z
RO_143450,Strada Ștefan cel Mare,RO,Q218134,1,male,,,1,0,1,NA,e5e78deff9d8acedd4ce3a1adccc195c,2022-11-19T15:36:49Z,Stephen III of Moldavia,Prince of Moldavia from 1457 to 1504,human,+1433-00-00T00:00:00Z,+1504-07-02T00:00:00Z
RO_143450,Strada Solidarității,RO,Q815726,0,NA,,,1,0,1,NA,e5e78deff9d8acedd4ce3a1adccc195c,2022-11-19T15:36:33Z,solidarity,unity of feeling or action on a common interest,mass noun,NA,NA
RO_143450,Strada Sofocle,RO,Q7235,1,male,,,1,0,1,NA,e5e78deff9d8acedd4ce3a1adccc195c,2022-11-19T15:33:39Z,Sophocles,ancient Greek playwright,human,-0496-00-00T00:00:00Z,-0406-00-00T00:00:00Z
RO_143450,Strada Socului,RO,Q131448,0,NA,,,1,0,1,NA,7d416724f4a69a7d15e95db12ceb0dc5,2022-11-14T16:00:10Z,Sambucus,genus of plants,taxon,NA,NA
RO_143450,Strada Smaraldului,RO,Q43513,0,NA,,,1,0,1,NA,7d416724f4a69a7d15e95db12ceb0dc5,2022-11-14T15:15:10Z,emerald,"green gemstone, a beryl variety",mineral variety,NA,NA
RO_143450,Strada Siretului,RO,Q208302,0,NA,,,1,0,1,NA,7d416724f4a69a7d15e95db12ceb0dc5,2022-11-14T15:09:17Z,Siret River,river in Romania and Ukraine,river,NA,NA
RO_143450,Strada Sibiului,RO,NA,0,NA,,,1,0,1,NA,7d416724f4a69a7d15e95db12ceb0dc5,2022-11-14T15:07:52Z,NA,NA,NA,NA,NA
RO_143450,Strada Seviș,RO,NA,0,NA,,,1,0,1,NA,7d416724f4a69a7d15e95db12ceb0dc5,2022-11-14T15:00:44Z,NA,NA,NA,NA,NA
RO_143450,Strada Șerpuită,RO,NA,0,NA,,,1,0,1,NA,7d416724f4a69a7d15e95db12ceb0dc5,2022-11-14T15:00:18Z,NA,NA,NA,NA,NA
RO_143450,Strada Sergiu Celibidache,RO,Q165671,1,male,,,1,0,1,NA,7d416724f4a69a7d15e95db12ceb0dc5,2022-11-14T15:00:10Z,Sergiu Celibidache,Romanian conductor (1912–1996),human,+1912-06-28T00:00:00Z,+1996-08-14T00:00:00Z
RO_143450,Strada Șerbotă,RO,Q4709501,0,NA,,,1,0,1,NA,7d416724f4a69a7d15e95db12ceb0dc5,2022-11-14T14:59:44Z,Șerbota River,river in Romania,river,NA,NA
RO_143450,Strada Semănătoarelor,RO,Q22085061,0,NA,,,1,0,1,NA,7d416724f4a69a7d15e95db12ceb0dc5,2022-11-14T14:57:26Z,sower,person sowing seed in a field,symbol,NA,NA
RO_143450,Strada Semaforului,RO,Q8004,0,NA,,,1,0,1,NA,7d416724f4a69a7d15e95db12ceb0dc5,2022-11-14T14:49:52Z,traffic light,signalling device to control competing flows of traffic,appliance,NA,NA
RO_143450,Strada Șelarilor,RO,Q1760988,0,NA,,,1,0,1,NA,7d416724f4a69a7d15e95db12ceb0dc5,2022-11-14T14:47:50Z,saddler,profession,profession,NA,NA
RO_143450,Strada Școala de Înot,RO,Q55079472,0,NA,,,1,0,1,NA,7d416724f4a69a7d15e95db12ceb0dc5,2022-11-14T14:44:49Z,swimming school,NA,NA,NA,NA
RO_143450,Strada Sapunarilor,RO,Q267027,0,NA,,,1,0,1,NA,7d416724f4a69a7d15e95db12ceb0dc5,2022-11-14T14:44:08Z,soap maker,craft,profession,NA,NA
RO_143450,Strada Sânzienelor,RO,Q156854,0,NA,,,1,0,1,NA,7d416724f4a69a7d15e95db12ceb0dc5,2022-11-14T14:41:31Z,Galium verum,species of plant,taxon,NA,NA
RO_143450,Strada Sandu Aldea,RO,Q9195810,1,male,,,1,0,1,NA,7d416724f4a69a7d15e95db12ceb0dc5,2022-11-14T14:37:05Z,Constantin Sandu-Aldea,Romanian agronomist and writer (1874–1927),human,+1874-11-14T00:00:00Z,+1927-03-21T00:00:00Z
RO_143450,Strada Samuel Brukenthal,RO,Q215898,1,male,,,1,0,1,NA,7d416724f4a69a7d15e95db12ceb0dc5,2022-11-14T14:36:18Z,Samuel von Brukenthal,Habsburg governor,human,+1721-07-26T00:00:00Z,+1803-04-09T00:00:00Z
RO_143450,Strada Salzburg,RO,Q22977419,0,NA,,,1,0,1,NA,7d416724f4a69a7d15e95db12ceb0dc5,2022-11-14T14:35:58Z,Willows at Chiajna,painting by Ştefan Luchian,painting,NA,NA
RO_143450,Strada Sălciilor,RO,Q36050,0,NA,,,1,0,1,NA,7d416724f4a69a7d15e95db12ceb0dc5,2022-11-14T14:35:34Z,Salix,genus of plants,taxon,NA,NA
RO_143450,Strada Sălajului,RO,Q3894701,0,NA,,,1,0,1,NA,7d416724f4a69a7d15e95db12ceb0dc5,2022-11-14T14:34:06Z,Săcel,"locality in Sibiu County, Romania",constituent locality,NA,NA
RO_143450,Strada Săcel,RO,Q3894701,0,NA,,,1,0,1,NA,7d416724f4a69a7d15e95db12ceb0dc5,2022-11-14T14:31:52Z,Săcel,"locality in Sibiu County, Romania",constituent locality,NA,NA
RO_143450,Strada Rusciorului,RO,Q7380648,0,NA,,,1,0,1,NA,7d416724f4a69a7d15e95db12ceb0dc5,2022-11-14T13:45:06Z,Rusciori River,river in Romania,river,NA,NA
RO_143450,Strada Rubens,RO,Q5599,1,male,,,1,0,1,NA,7d416724f4a69a7d15e95db12ceb0dc5,2022-11-14T13:44:31Z,Peter Paul Rubens,Flemish painter (1577-1640),human,+1577-06-28T00:00:00Z,+1640-05-30T00:00:00Z
RO_143450,Strada Rozmarinului,RO,Q122679,0,NA,,,1,0,1,NA,7d416724f4a69a7d15e95db12ceb0dc5,2022-11-14T13:41:03Z,Salvia rosmarinus,plant species,taxon,NA,NA
RO_143450,Strada Rozdești,RO,Q4711259,0,NA,,,1,0,1,NA,7d416724f4a69a7d15e95db12ceb0dc5,2022-11-14T13:40:46Z,Rozdești River,river in Romania,river,NA,NA
RO_143450,Strada Rotarilor,RO,Q833418,0,NA,,,1,0,1,NA,7d416724f4a69a7d15e95db12ceb0dc5,2022-11-14T13:40:10Z,wheelwright,historical profession; craftsman who builds or repairs wooden wheels,historical profession,NA,NA
RO_143450,Strada Revoluției,RO,Q10931,0,NA,,,1,0,1,NA,7d416724f4a69a7d15e95db12ceb0dc5,2022-11-14T13:37:44Z,revolution,fundamental change in power or organizational structures that takes place in a relatively short period of time,NA,NA,NA
RO_143450,Strada Rennes,RO,Q647,0,NA,,,1,0,1,NA,7d416724f4a69a7d15e95db12ceb0dc5,2022-11-14T13:37:00Z,Rennes,city in the east of Brittany in northwestern France at the confluence of the Ille and the Vilaine,commune of France,NA,NA
RO_143450,Strada Rembrandt,RO,Q5598,1,male,,,1,0,1,NA,7d416724f4a69a7d15e95db12ceb0dc5,2022-11-14T13:36:18Z,Rembrandt,Dutch painter and printmaker (1606–1669),human,+1606-07-15T00:00:00Z,+1669-10-04T00:00:00Z
RO_143450,Strada Regele Ferdinand,RO,Q57165,1,male,,,1,0,1,NA,7d416724f4a69a7d15e95db12ceb0dc5,2022-11-14T13:35:47Z,Ferdinand I of Romania,King of Romania (1865-1927; ruled 1914-1927),human,+1865-08-24T00:00:00Z,+1927-07-20T00:00:00Z
RO_143450,Strada Record,RO,NA,0,NA,,,1,0,1,NA,7d416724f4a69a7d15e95db12ceb0dc5,2022-11-14T13:35:33Z,NA,NA,NA,NA,NA
RO_143450,Strada Râului,RO,Q4022,0,NA,,,1,0,1,NA,7d416724f4a69a7d15e95db12ceb0dc5,2022-11-14T13:27:58Z,river,larger natural watercourse,NA,NA,NA
RO_143450,Strada Rahovei,RO,NA,0,NA,,,1,0,1,NA,7d416724f4a69a7d15e95db12ceb0dc5,2022-11-14T13:27:25Z,NA,NA,NA,NA,NA
RO_143450,Strada Radu Stanca,RO,Q7281729,1,male,,,1,0,1,NA,7d416724f4a69a7d15e95db12ceb0dc5,2022-11-14T13:26:36Z,Radu Stanca,"Romanian poet, playwright, theatre director, theatre critic and theoretician",human,+1920-03-05T00:00:00Z,+1962-12-26T00:00:00Z
RO_143450,Strada Putnei,RO,NA,0,NA,,,1,0,1,NA,7d416724f4a69a7d15e95db12ceb0dc5,2022-11-14T13:24:24Z,NA,NA,NA,NA,NA
RO_143450,Strada Pulberăriei,RO,Q3184407,0,NA,,,1,0,1,NA,7d416724f4a69a7d15e95db12ceb0dc5,2022-11-14T13:23:48Z,artillery magazine,place of storage for ammunition or other explosive material,NA,NA,NA
RO_143450,Strada Prunelor,RO,Q44120,0,NA,,,1,0,1,NA,7d416724f4a69a7d15e95db12ceb0dc5,2022-11-14T13:21:52Z,Pranos albujinea,species of plantion xd,taxon,NA,NA
RO_143450,Strada Profesor Victor Lazăr,RO,Q106425415,0,NA,,,1,0,1,NA,7d416724f4a69a7d15e95db12ceb0dc5,2022-11-14T13:21:04Z,Victor Lazăr,Romanian author,human,+1869-10-14T00:00:00Z,+1935-00-00T00:00:00Z
RO_143450,Strada Profesor Petru Șpan,RO,Q115205961,1,male,,,1,0,1,NA,7d416724f4a69a7d15e95db12ceb0dc5,2022-11-14T13:20:49Z,Petru Șpan,Romanian pedagogue,human,+1860-06-04T00:00:00Z,+1911-00-00T00:00:00Z
RO_143450,Strada Profesor Ioan Moga,RO,Q18541982,1,male,,,1,0,1,NA,714af25ce4f5b589eb8304a2abee50ca,2022-11-13T23:04:29Z,Ioan Moga,Romanian historian,human,+1902-00-00T00:00:00Z,+1950-00-00T00:00:00Z
RO_143450,Strada Profesor Doctor Ioan Moga,RO,Q18541982,1,male,,,1,0,1,NA,714af25ce4f5b589eb8304a2abee50ca,2022-11-13T23:04:09Z,Ioan Moga,Romanian historian,human,+1902-00-00T00:00:00Z,+1950-00-00T00:00:00Z
RO_143450,Strada Privighetori,RO,NA,0,NA,,,1,0,1,NA,714af25ce4f5b589eb8304a2abee50ca,2022-11-13T23:03:52Z,NA,NA,NA,NA,NA
RO_143450,Strada Primăverii,RO,Q1312,0,NA,,,1,0,1,NA,714af25ce4f5b589eb8304a2abee50ca,2022-11-13T23:02:42Z,spring,"one of the Earth's four temperate seasons, occurring between winter and summer",recurring event,NA,NA
RO_143450,Strada Preot Bacca,RO,NA,1,male,,,1,0,1,NA,714af25ce4f5b589eb8304a2abee50ca,2022-11-13T23:01:44Z,NA,NA,NA,NA,NA
RO_143450,Strada Prelungirea Săcel,RO,NA,0,NA,,,1,0,1,NA,714af25ce4f5b589eb8304a2abee50ca,2022-11-13T22:37:14Z,NA,NA,NA,NA,NA
RO_143450,Strada Prejbei,RO,Q7240007,0,NA,,,1,0,1,NA,714af25ce4f5b589eb8304a2abee50ca,2022-11-13T22:18:19Z,Prejba River,river in Romania,river,NA,NA
RO_143450,Strada Porumbeilor,RO,Q42326,0,NA,,,1,0,1,NA,714af25ce4f5b589eb8304a2abee50ca,2022-11-13T22:17:50Z,Rock Dove,species of pigeon; the wild bird from which domesticated pigeons derive,taxon,NA,NA
RO_143450,Strada Porumbacului,RO,Q7232839,0,NA,,,1,0,1,NA,714af25ce4f5b589eb8304a2abee50ca,2022-11-13T22:17:23Z,Porumbacu River,river in Romania,river,NA,NA
RO_143450,Strada Popa Șapcă,RO,Q12738350,1,male,,,1,0,1,NA,714af25ce4f5b589eb8304a2abee50ca,2022-11-13T22:15:37Z,Popa Șapcă,NA,human,+1795-00-00T00:00:00Z,+1876-07-03T00:00:00Z
RO_143450,Strada Pompeiu Onofreiu,RO,Q18544559,1,male,,,1,0,1,NA,714af25ce4f5b589eb8304a2abee50ca,2022-11-13T22:10:52Z,Pompei Onofrei,NA,human,+1909-00-00T00:00:00Z,+1998-00-00T00:00:00Z
RO_143450,Strada Pomicultorilor,RO,NA,0,NA,,,1,0,1,NA,714af25ce4f5b589eb8304a2abee50ca,2022-11-13T22:06:26Z,NA,NA,NA,NA,NA
RO_143450,Strada Poiana,RO,NA,0,NA,,,1,0,1,NA,714af25ce4f5b589eb8304a2abee50ca,2022-11-13T22:05:41Z,NA,NA,NA,NA,NA
RO_143450,Strada Poet Vasile Cârlova,RO,Q7916602,1,male,,,1,0,1,NA,714af25ce4f5b589eb8304a2abee50ca,2022-11-13T22:05:00Z,Vasile Cârlova,Romanian writer (1809-1831),human,+1809-02-04T00:00:00Z,+1831-09-18T00:00:00Z
RO_143450,Strada Poet Aron Cotruș,RO,Q12721002,1,male,,,1,0,1,NA,714af25ce4f5b589eb8304a2abee50ca,2022-11-13T22:04:20Z,Aron Cotruș,Romanian poet and diplomat (1891-1961),human,+1891-01-02T00:00:00Z,+1961-11-01T00:00:00Z
RO_143450,Strada Podragu,RO,Q4713177,0,NA,,,1,0,1,NA,714af25ce4f5b589eb8304a2abee50ca,2022-11-13T22:02:30Z,Podragu River,river in Romania,river,NA,NA
RO_143450,Strada Plopilor,RO,Q25356,0,NA,,,1,0,1,NA,714af25ce4f5b589eb8304a2abee50ca,2022-11-13T22:01:44Z,Populus,genus of plants,taxon,NA,NA
RO_143450,Strada Plevna,RO,NA,0,NA,,,1,0,1,NA,714af25ce4f5b589eb8304a2abee50ca,2022-11-13T21:55:44Z,NA,NA,NA,NA,NA
RO_143450,Strada Pincio Ioan Păun,RO,Q12730939,1,male,,,1,0,1,NA,714af25ce4f5b589eb8304a2abee50ca,2022-11-13T21:45:30Z,Ion Păun-Pincio,Romanian poet,human,+1868-08-17T00:00:00Z,+1894-12-30T00:00:00Z
RO_143450,Strada Pietrarilor,RO,NA,0,NA,,,1,0,1,NA,714af25ce4f5b589eb8304a2abee50ca,2022-11-13T21:43:51Z,NA,NA,NA,NA,NA
RO_143450,Strada Pielarilor,RO,Q16402902,0,NA,,,1,0,1,NA,714af25ce4f5b589eb8304a2abee50ca,2022-11-13T21:41:56Z,leatherworker,occupation,profession,NA,NA
RO_143450,Strada Picasso,RO,Q5593,1,male,,,1,0,1,NA,714af25ce4f5b589eb8304a2abee50ca,2022-11-13T21:40:06Z,Pablo Picasso,Spanish painter and sculptor (1881–1973),human,+1881-10-25T00:00:00Z,+1973-04-08T00:00:00Z
RO_143450,Strada Petru Poni,RO,Q12737913,1,male,,,1,0,1,NA,714af25ce4f5b589eb8304a2abee50ca,2022-11-13T21:37:59Z,Petru Poni,Romanian chemist (1841-1925),human,+1841-01-04T00:00:00Z,+1925-04-02T00:00:00Z
RO_143450,Strada Petrila,RO,Q390156,0,NA,,,1,0,1,NA,714af25ce4f5b589eb8304a2abee50ca,2022-11-13T21:36:36Z,Petrila,"town in Hunedoara County, Romania",town in Romania,NA,NA
RO_143450,Strada Pedagogilor,RO,Q1231865,0,NA,,,1,0,1,NA,714af25ce4f5b589eb8304a2abee50ca,2022-11-13T21:34:30Z,pedagogue,person working in the academic field of pedagogy,profession,NA,NA
RO_143450,Strada Partenie Cosma,RO,Q18539316,1,male,,,1,0,1,NA,714af25ce4f5b589eb8304a2abee50ca,2022-11-13T21:32:07Z,Partenie Cosma,NA,human,+1918-09-00T00:00:00Z,+1955-10-12T00:00:00Z
RO_143450,Strada Pânzarilor,RO,NA,0,NA,,,1,0,1,NA,714af25ce4f5b589eb8304a2abee50ca,2022-11-13T21:28:28Z,NA,NA,NA,NA,NA
RO_143450,Strada Pandurilor,RO,Q56366315,0,NA,,,1,0,1,NA,714af25ce4f5b589eb8304a2abee50ca,2022-11-13T21:25:30Z,Pandur,type of light infantry in the Habsburg Monarchy,NA,NA,NA
RO_143450,Strada Paltinului,RO,Q156944,0,NA,,,1,0,1,NA,714af25ce4f5b589eb8304a2abee50ca,2022-11-13T21:20:20Z,Acer pseudoplatanus,species of plant,taxon,NA,NA
RO_143450,Strada Păltiniș,RO,Q899025,0,NA,,,1,0,1,NA,714af25ce4f5b589eb8304a2abee50ca,2022-11-13T20:51:39Z,Păltiniș,mountain location in proximity of Sibiu,constituent locality,NA,NA
RO_143450,Strada Păcii,RO,Q454,0,NA,,,1,0,1,NA,714af25ce4f5b589eb8304a2abee50ca,2022-11-13T20:31:04Z,peace,state of harmony characterized by lack of violent conflict and freedom from fear of violence,NA,NA,NA
RO_143450,Strada Ovidiu,RO,Q7198,1,male,,,1,0,1,NA,714af25ce4f5b589eb8304a2abee50ca,2022-11-13T20:22:05Z,Ovid,Roman poet (43 BC – 17/18 AD),human,-0043-03-20T00:00:00Z,+0017-00-00T00:00:00Z
RO_143450,Strada Oțelarilor,RO,NA,0,NA,,,1,0,1,NA,714af25ce4f5b589eb8304a2abee50ca,2022-11-13T20:20:29Z,NA,NA,NA,NA,NA
RO_143450,Strada Oștirii,RO,NA,0,NA,,,1,0,1,NA,714af25ce4f5b589eb8304a2abee50ca,2022-11-13T18:56:03Z,NA,NA,NA,NA,NA
RO_143450,Strada Orzului,RO,Q11577,0,NA,,,1,0,1,NA,714af25ce4f5b589eb8304a2abee50ca,2022-11-13T18:54:47Z,Hordeum vulgare,species of plant,taxon,NA,NA
RO_143450,Strada Orlat,RO,Q5063967,0,NA,,,1,0,1,NA,714af25ce4f5b589eb8304a2abee50ca,2022-11-13T18:47:21Z,Orlat,"commune in Sibiu County, Romania",commune of Romania,NA,NA
RO_143450,Strada Orhideelor,RO,Q25308,0,NA,,,1,0,1,NA,714af25ce4f5b589eb8304a2abee50ca,2022-11-13T18:46:54Z,Orchidaceae,family of plants,taxon,NA,NA
RO_143450,Strada Onisifor Ghibu,RO,Q4137961,1,male,,,1,0,1,NA,714af25ce4f5b589eb8304a2abee50ca,2022-11-13T18:43:21Z,Onisifor Ghibu,Romanian academic and politician (1883-1972),human,+1883-05-31T00:00:00Z,+1972-10-31T00:00:00Z
RO_143450,Strada Oncești,RO,NA,0,NA,,,1,0,1,NA,714af25ce4f5b589eb8304a2abee50ca,2022-11-13T18:43:08Z,NA,NA,NA,NA,NA
RO_143450,Strada Olarilor,RO,Q3400050,0,NA,,,1,0,1,NA,714af25ce4f5b589eb8304a2abee50ca,2022-11-13T18:40:27Z,potter,someone who makes pottery,profession,NA,NA
RO_143450,Strada Odessa,RO,Q1874,0,NA,,,1,0,1,NA,714af25ce4f5b589eb8304a2abee50ca,2022-11-13T18:32:38Z,Odesa,capital city of Odesa Oblast in southern Ukraine,city ​​in Ukraine,NA,NA
RO_143450,Strada Octavian Goga,RO,Q223414,1,male,,,1,0,1,NA,714af25ce4f5b589eb8304a2abee50ca,2022-11-13T18:26:50Z,Octavian Goga,Romanian politician and poet,human,+1881-04-01T00:00:00Z,+1938-05-07T00:00:00Z
RO_143450,Strada Ocnei,RO,NA,0,NA,,,1,0,1,NA,714af25ce4f5b589eb8304a2abee50ca,2022-11-13T18:26:25Z,NA,NA,NA,NA,NA
RO_143450,Strada Oborul de vite,RO,Q1400937,0,NA,,,1,0,1,NA,714af25ce4f5b589eb8304a2abee50ca,2022-11-13T18:23:43Z,Feedlot,An array of pens for feeding livestock for human consumption,intensive animal farming,NA,NA
RO_143450,Strada Oașa,RO,NA,0,NA,,,1,0,1,NA,714af25ce4f5b589eb8304a2abee50ca,2022-11-13T18:19:40Z,NA,NA,NA,NA,NA
RO_143450,Strada Nouă,RO,NA,0,NA,,,1,0,1,NA,714af25ce4f5b589eb8304a2abee50ca,2022-11-13T18:15:31Z,NA,NA,NA,NA,NA
RO_143450,Strada Nicovalei,RO,Q104363,0,NA,,,1,0,1,NA,714af25ce4f5b589eb8304a2abee50ca,2022-11-13T17:57:26Z,anvil,metalworking tool,metalworking tool,NA,NA
RO_143450,Strada Nicolaus Olahus,RO,Q497524,1,male,,,1,0,1,NA,714af25ce4f5b589eb8304a2abee50ca,2022-11-13T17:56:48Z,Nicolaus Olahus,Roman Catholic archbishop,human,+1493-01-10T00:00:00Z,+1568-01-15T00:00:00Z
RO_143450,Strada Nicolaus Copernic,RO,Q619,1,male,,,1,0,1,NA,714af25ce4f5b589eb8304a2abee50ca,2022-11-13T17:23:05Z,Nicolaus Copernicus,Polish mathematician and astronomer (1473–1543),human,+1473-02-19T00:00:00Z,+1543-05-24T00:00:00Z
RO_143450,Strada Nicolae Titulescu,RO,Q781476,1,male,,,1,0,1,NA,714af25ce4f5b589eb8304a2abee50ca,2022-11-13T17:10:54Z,Nicolae Titulescu,Romanian diplomat and politician (1882-1941),human,+1882-03-04T00:00:00Z,+1941-03-17T00:00:00Z
RO_143450,Strada Nicolae Grigorescu,RO,Q454321,1,male,,,1,0,1,NA,714af25ce4f5b589eb8304a2abee50ca,2022-11-13T17:06:29Z,Nicolae Grigorescu,Romanian artist (1838-1907),human,+1838-05-15T00:00:00Z,+1907-07-21T00:00:00Z
RO_143450,Strada Nicolae Bălcescu,RO,Q513394,1,male,,,1,0,1,NA,714af25ce4f5b589eb8304a2abee50ca,2022-11-13T17:02:30Z,Nicolae Bălcescu,Romanian journalist and historian (1819–1852),human,+1819-06-29T00:00:00Z,+1852-11-29T00:00:00Z
RO_143450,Strada Neppendorf,RO,Q493113,0,NA,,,1,0,1,NA,714af25ce4f5b589eb8304a2abee50ca,2022-11-13T16:52:48Z,Turnișor,"residential district of Sibiu, Romania",NA,NA,NA
RO_143450,Strada Negovanu,RO,Q6987463,0,NA,,,1,0,1,NA,714af25ce4f5b589eb8304a2abee50ca,2022-11-13T16:52:34Z,Negovanu River,river in Romania,river,NA,NA
RO_143450,Strada Negoi,RO,NA,0,NA,,,1,0,1,NA,714af25ce4f5b589eb8304a2abee50ca,2022-11-13T16:41:47Z,NA,NA,NA,NA,NA
RO_143450,Strada N.R. Korsakov,RO,NA,1,male,,,1,0,1,NA,714af25ce4f5b589eb8304a2abee50ca,2022-11-13T16:26:43Z,NA,NA,NA,NA,NA
RO_143450,Strada N.D. Cocea,RO,Q328201,1,male,,,1,0,1,NA,714af25ce4f5b589eb8304a2abee50ca,2022-11-13T16:24:08Z,N. D. Cocea,Romanian journalist and activist (1880-1949),human,+1880-11-29T00:00:00Z,+1949-02-01T00:00:00Z
RO_143450,Strada N. Beldiceanu,RO,Q5421705,1,male,,,1,0,1,NA,714af25ce4f5b589eb8304a2abee50ca,2022-11-13T15:35:35Z,Nicolae Beldiceanu,Romanian writer,human,+1844-10-26T00:00:00Z,+1896-02-02T00:00:00Z
RO_143450,Strada Mureșului,RO,Q207493,0,NA,,,1,0,1,NA,714af25ce4f5b589eb8304a2abee50ca,2022-11-13T15:32:52Z,Mureș River,river in Eastern Europe,river,NA,NA
RO_143450,Strada Muncitorilor,RO,Q327055,0,NA,,,1,0,1,NA,714af25ce4f5b589eb8304a2abee50ca,2022-11-13T15:32:13Z,worker,person who works,occupation,NA,NA
RO_143450,Strada Muncii,RO,Q6958747,0,NA,,,1,0,1,NA,714af25ce4f5b589eb8304a2abee50ca,2022-11-13T15:31:08Z,work,activities performed as a means of support,sociological concept,NA,NA
RO_143450,Strada München,RO,Q1726,0,NA,,,1,0,1,NA,714af25ce4f5b589eb8304a2abee50ca,2022-11-13T15:30:52Z,Munich,"capital and most populous city of Bavaria, Germany",city,NA,NA
RO_143450,Strada Muncel,RO,NA,0,NA,,,1,0,1,NA,714af25ce4f5b589eb8304a2abee50ca,2022-11-13T15:29:29Z,NA,NA,NA,NA,NA
RO_143450,Strada Movilei,RO,Q1584134,0,NA,,,1,0,1,NA,714af25ce4f5b589eb8304a2abee50ca,2022-11-13T15:29:05Z,mound,"artificial heaped pile of earth, gravel, sand, rocks, or debris",NA,NA,NA
RO_143450,Strada Moreni,RO,NA,0,NA,,,1,0,1,NA,714af25ce4f5b589eb8304a2abee50ca,2022-11-13T15:28:38Z,NA,NA,NA,NA,NA
RO_143450,Strada Monaco,RO,Q235,0,NA,,,1,0,1,NA,714af25ce4f5b589eb8304a2abee50ca,2022-11-13T15:27:20Z,Monaco,sovereign city-state on the French Riviera,sovereign state,NA,NA
RO_143450,Strada Moldoveanu,RO,Q746524,0,NA,,,1,0,1,NA,714af25ce4f5b589eb8304a2abee50ca,2022-11-13T15:26:52Z,Moldoveanu Peak,mountain,mountain,NA,NA
RO_143450,Strada Moara de Scoarță,RO,Q374116,0,NA,,,1,0,1,NA,714af25ce4f5b589eb8304a2abee50ca,2022-11-13T15:24:48Z,bark mill,also known as Catskill’s mill,NA,NA,NA
RO_143450,Strada Mitropoliei,RO,Q427961,0,NA,,,1,0,1,NA,714af25ce4f5b589eb8304a2abee50ca,2022-11-13T15:22:39Z,metropolis,diocese headed by an archbishop and having suffragan dioceses under its jurisdiction,NA,NA,NA
RO_143450,Strada Milano,RO,Q490,0,NA,,,1,0,1,NA,714af25ce4f5b589eb8304a2abee50ca,2022-11-13T15:12:24Z,Milan,Italian commune and capital city of Lombardy,chef-lieu,NA,NA
RO_143450,Strada Mikhail V. Lomonosov,RO,Q58720,1,male,,,1,0,1,NA,714af25ce4f5b589eb8304a2abee50ca,2022-11-13T15:11:01Z,Mikhail Vassilyevich Lomonosov,Russian polymath (1711-1765),human,+1711-11-08T00:00:00Z,+1765-04-04T00:00:00Z
RO_143450,Strada Mihail Kogălniceanu,RO,Q319759,1,male,,,1,0,1,NA,714af25ce4f5b589eb8304a2abee50ca,2022-11-13T15:10:48Z,Mihail Kogălniceanu,"Moldavian-born Romanian liberal statesman, lawyer, historian and publicist (1817-1891)",human,+1817-09-06T00:00:00Z,+1891-07-01T00:00:00Z
RO_143450,Strada Micu Klein,RO,Q942644,1,male,,,1,0,1,NA,714af25ce4f5b589eb8304a2abee50ca,2022-11-13T15:06:03Z,Inocențiu  Micu-Klein,Romanian bishop,human,+1692-01-01T00:00:00Z,+1768-09-22T00:00:00Z
RO_143450,Strada Michelangelo,RO,Q5592,1,male,,,1,0,1,NA,714af25ce4f5b589eb8304a2abee50ca,2022-11-13T15:05:14Z,Michelangelo,"Italian sculptor, painter, architect and poet (1475–1564)",human,+1475-03-06T00:00:00Z,+1564-02-18T00:00:00Z
RO_143450,Strada Metalurgiștilor,RO,Q18576582,0,NA,,,1,0,1,NA,714af25ce4f5b589eb8304a2abee50ca,2022-11-13T14:54:48Z,metallurgist,person skilled in metallurgy,profession,NA,NA
RO_143450,Strada Merișorului,RO,Q93235,0,NA,,,1,0,1,NA,714af25ce4f5b589eb8304a2abee50ca,2022-11-13T14:54:30Z,Vaccinium vitis-idaea,species of plant,taxon,NA,NA
RO_143450,Strada Mașiniștilor,RO,Q196721,0,NA,,,1,0,1,NA,714af25ce4f5b589eb8304a2abee50ca,2022-11-13T14:52:42Z,machinist,"person who machines using hand tools and machine tools to create or modify a part that is made of metal, plastics, or wood",profession,NA,NA
RO_143450,Strada Măsarilor,RO,NA,0,NA,,,1,0,1,NA,714af25ce4f5b589eb8304a2abee50ca,2022-11-13T14:49:43Z,NA,NA,NA,NA,NA
RO_143450,Strada Martin Hochmaister,RO,Q1165945,1,male,,,1,0,1,NA,714af25ce4f5b589eb8304a2abee50ca,2022-11-13T14:46:05Z,Martin Hochmeister,printer (1740-1789),human,+1740-00-00T00:00:00Z,+1789-00-00T00:00:00Z
RO_143450,Strada Marius Sturza,RO,Q12735074,1,male,,,1,0,1,NA,714af25ce4f5b589eb8304a2abee50ca,2022-11-13T14:44:30Z,Marius Sturza,NA,human,+1876-08-26T00:00:00Z,+1954-07-26T00:00:00Z
RO_143450,Strada Margaretelor,RO,Q27164,0,NA,,,1,0,1,NA,714af25ce4f5b589eb8304a2abee50ca,2022-11-13T14:35:00Z,Leucanthemum vulgare,species of plant,taxon,NA,NA
RO_143450,Strada Mărăști,RO,NA,0,NA,,,1,0,1,NA,714af25ce4f5b589eb8304a2abee50ca,2022-11-13T14:34:34Z,NA,NA,NA,NA,NA
RO_143450,Strada Mărășești,RO,NA,0,NA,,,1,0,1,NA,714af25ce4f5b589eb8304a2abee50ca,2022-11-13T14:33:30Z,NA,NA,NA,NA,NA
RO_143450,Strada Maramureșului,RO,Q10975458,0,NA,,,1,0,1,NA,714af25ce4f5b589eb8304a2abee50ca,2022-11-13T14:29:57Z,Maramureș,"geographical, historical and ethno-cultural region in northern Romania and western Ukraine",geographic region,NA,NA
RO_143450,Strada Manejului,RO,Q214252,0,NA,,,1,0,1,NA,714af25ce4f5b589eb8304a2abee50ca,2022-11-13T14:11:44Z,stable,building for horses and other livestock,NA,NA,NA
RO_143450,Strada Maior Niță Octavian,RO,NA,1,male,,,1,0,1,NA,714af25ce4f5b589eb8304a2abee50ca,2022-11-13T14:11:18Z,NA,NA,NA,NA,NA
RO_143450,Strada Maierilor,RO,Q101711,0,NA,,,1,0,1,NA,714af25ce4f5b589eb8304a2abee50ca,2022-11-13T14:10:36Z,Convallaria majalis,species of plant,taxon,NA,NA
RO_143450,Strada Măgura,RO,NA,0,NA,,,1,0,1,NA,714af25ce4f5b589eb8304a2abee50ca,2022-11-13T14:09:36Z,NA,NA,NA,NA,NA
RO_143450,Strada Măgheranului,RO,NA,0,NA,,,1,0,1,NA,714af25ce4f5b589eb8304a2abee50ca,2022-11-13T14:08:34Z,NA,NA,NA,NA,NA
RO_143450,Strada Macaralei,RO,Q178692,0,NA,,,1,0,1,NA,714af25ce4f5b589eb8304a2abee50ca,2022-11-13T14:07:34Z,crane,type of machine specialised in lifting objects,NA,NA,NA
RO_143450,Strada M. Viteazul,RO,Q118755,1,male,,,1,0,1,NA,714af25ce4f5b589eb8304a2abee50ca,2022-11-13T14:05:16Z,Michael the Brave,"Romanian prince of Wallachia, Transylvania and Moldavia",human,+1558-01-01T00:00:00Z,+1601-08-19T00:00:00Z
RO_143450,Strada Lyon,RO,Q456,0,NA,,,1,0,1,NA,714af25ce4f5b589eb8304a2abee50ca,2022-11-13T14:01:54Z,Lyon,"commune in the metropolis of Lyon, France",commune of France,NA,NA
RO_143450,Strada Luxemburg,RO,Q32,0,NA,,,1,0,1,NA,714af25ce4f5b589eb8304a2abee50ca,2022-11-13T13:53:55Z,Luxembourg,country in Western Europe,sovereign state,NA,NA
RO_143450,Strada Lutului,RO,Q42302,0,NA,,,1,0,1,NA,714af25ce4f5b589eb8304a2abee50ca,2022-11-13T13:53:29Z,clay,soft rock based compound often used for sculpture and tools,NA,NA,NA
RO_143450,Strada Luptei,RO,Q650711,0,NA,,,1,0,1,NA,714af25ce4f5b589eb8304a2abee50ca,2022-11-13T13:53:06Z,combat,purposeful violent conflict,NA,NA,NA
RO_143450,Strada Lupeni,RO,Q754728,0,NA,,,1,0,1,NA,714af25ce4f5b589eb8304a2abee50ca,2022-11-13T13:52:41Z,Lupeni,"city in Hunedoara County, Romania",municipiu of Romania,NA,NA
RO_143450,Strada Lungă,RO,NA,0,NA,,,1,0,1,NA,714af25ce4f5b589eb8304a2abee50ca,2022-11-13T13:01:56Z,NA,NA,NA,NA,NA
RO_143450,Strada Ludoș,RO,Q1077551,0,NA,,,1,0,1,NA,714af25ce4f5b589eb8304a2abee50ca,2022-11-13T13:01:23Z,Ludoș,"village in Sibiu County, Romania",village,NA,NA
RO_143450,Strada Luarea Bastiliei,RO,Q6539,0,NA,,,1,0,1,NA,714af25ce4f5b589eb8304a2abee50ca,2022-11-13T12:58:47Z,Storming of the Bastille,part of the French Revolution,storming,NA,NA
RO_143450,Strada Locomotivei,RO,Q93301,0,NA,,,1,0,1,NA,714af25ce4f5b589eb8304a2abee50ca,2022-11-13T12:56:49Z,locomotive,railway vehicle that provides the motive power for a train,NA,NA,NA
RO_143450,Strada Liviu Ciulei,RO,Q1065030,1,male,,,1,0,1,NA,714af25ce4f5b589eb8304a2abee50ca,2022-11-13T12:55:42Z,Liviu Ciulei,"Romanian architect, stage/film actor and director, costume and scenery designer",human,+1923-07-07T00:00:00Z,+2011-10-25T00:00:00Z
RO_143450,Strada Livezii,RO,NA,0,NA,,,1,0,1,NA,714af25ce4f5b589eb8304a2abee50ca,2022-11-13T12:55:06Z,NA,NA,NA,NA,NA
RO_143450,Strada Litovoi Vodă,RO,Q255118,1,male,,,1,0,1,NA,714af25ce4f5b589eb8304a2abee50ca,2022-11-13T12:54:48Z,Litovoi,Voivode of Wallachia,human,NA,+1270-01-01T00:00:00Z
RO_143450,Strada Libertății,RO,Q2979,0,NA,,,1,0,1,NA,714af25ce4f5b589eb8304a2abee50ca,2022-11-13T12:48:16Z,liberty,ability of individuals to have agency,ideal,NA,NA
RO_143450,Strada Leonardo da Vinci,RO,Q762,1,male,,,1,0,1,NA,b005dc23bd5e230e04e04eb2d6cda181,2022-11-13T12:42:15Z,Leonardo da Vinci,Italian Renaissance polymath (1452-1519),human,+1452-04-15T00:00:00Z,+1519-05-02T00:00:00Z
RO_143450,Strada Lemnelor,RO,Q287,0,NA,,,1,0,1,NA,b005dc23bd5e230e04e04eb2d6cda181,2022-11-13T12:36:18Z,wood,fibrous material from trees or other plants,NA,NA,NA
RO_143450,Strada Lector,RO,Q1553123,0,NA,,,1,0,1,NA,b005dc23bd5e230e04e04eb2d6cda181,2022-11-13T12:35:20Z,lector,foreign native speaker in language teaching at universities,academic rank,NA,NA
RO_143450,Strada Lazaret,RO,Q859247,0,NA,,,1,0,1,NA,b005dc23bd5e230e04e04eb2d6cda181,2022-11-13T12:32:22Z,lazaretto,military or maritime quarantine station,NA,NA,NA
RO_143450,Strada Lăptăriei,RO,Q1750272,0,NA,,,1,0,1,NA,692f258578127c407bfc7d6cd2fcee77,2022-11-12T22:35:54Z,milk bar,suburban local general store or café,NA,NA,NA
RO_143450,Strada Lânii,RO,NA,0,NA,,,1,0,1,NA,692f258578127c407bfc7d6cd2fcee77,2022-11-12T22:33:48Z,NA,NA,NA,NA,NA
RO_143450,Strada Landshut,RO,NA,0,NA,,,1,0,1,NA,692f258578127c407bfc7d6cd2fcee77,2022-11-12T22:32:48Z,NA,NA,NA,NA,NA
RO_143450,Strada Laminorului,RO,NA,0,NA,,,1,0,1,NA,692f258578127c407bfc7d6cd2fcee77,2022-11-12T22:25:25Z,NA,NA,NA,NA,NA
RO_143450,Strada Lacul lui Binder,RO,NA,0,NA,,,1,0,1,NA,692f258578127c407bfc7d6cd2fcee77,2022-11-12T22:25:06Z,NA,NA,NA,NA,NA
RO_143450,Strada Lăcrămioarelor,RO,Q12734634,0,NA,,,1,0,1,NA,692f258578127c407bfc7d6cd2fcee77,2022-11-12T22:25:02Z,NA,NA,NA,NA,NA
RO_143450,Strada L,RO,NA,NA,NA,NA,NA,1,1,1,NA,692f258578127c407bfc7d6cd2fcee77,2022-11-12T22:14:26Z,NA,NA,NA,NA,NA
RO_143450,Strada Konrad Haas,RO,Q697581,1,male,,,1,0,1,NA,692f258578127c407bfc7d6cd2fcee77,2022-11-12T22:12:36Z,Conrad Haas,Austrian military engineer,human,+1509-01-01T00:00:00Z,+1576-01-01T00:00:00Z
RO_143450,Strada Klagenfurt,RO,Q41753,0,NA,,,1,0,1,NA,692f258578127c407bfc7d6cd2fcee77,2022-11-12T22:10:25Z,Klagenfurt,"capital city of Carinthia, Austria",statutory city of Austria,NA,NA
RO_143450,Strada Kiev,RO,Q1899,0,NA,,,1,0,1,NA,692f258578127c407bfc7d6cd2fcee77,2022-11-12T21:54:11Z,Kyiv,capital and largest city of Ukraine,capital,NA,NA
RO_143450,Strada Jina,RO,Q16427430,0,NA,,,1,0,1,NA,692f258578127c407bfc7d6cd2fcee77,2022-11-12T21:53:58Z,Jina,"commune in Sibiu County, Romania",commune of Romania,NA,NA
RO_143450,Strada James Watt,RO,Q9041,1,male,,,1,0,1,NA,692f258578127c407bfc7d6cd2fcee77,2022-11-12T21:53:41Z,James Watt,British engineer (1736–1819),human,+1736-01-19T00:00:00Z,+1819-08-25T00:00:00Z
RO_143450,Strada J.W. Goethe,RO,Q5879,1,male,,,1,0,1,NA,692f258578127c407bfc7d6cd2fcee77,2022-11-12T21:50:04Z,Johann Wolfgang von Goethe,"German writer, artist, natural scientist and politician (1749–1832)",human,+1749-08-28T00:00:00Z,+1832-03-22T00:00:00Z
RO_143450,Strada Izvorului,RO,Q124714,0,NA,,,1,0,1,NA,692f258578127c407bfc7d6cd2fcee77,2022-11-12T21:44:16Z,spring,water source,natural geographic object,NA,NA
RO_143450,Strada Iuliu Maniu,RO,Q462164,1,male,,,1,0,1,NA,692f258578127c407bfc7d6cd2fcee77,2022-11-12T21:43:51Z,Iuliu Maniu,Romanian politician (1873-1953),human,+1873-01-08T00:00:00Z,+1953-02-05T00:00:00Z
RO_143450,Strada Islazului,RO,NA,0,NA,,,1,0,1,NA,692f258578127c407bfc7d6cd2fcee77,2022-11-12T21:42:59Z,NA,NA,NA,NA,NA
RO_143450,Strada Iosif Velceanu,RO,Q98834972,1,male,,,1,0,1,NA,692f258578127c407bfc7d6cd2fcee77,2022-11-12T21:42:15Z,Iosif Velceanu,"choir director, composer and teacher (1874-1937)",human,+1874-04-13T00:00:00Z,+1937-08-31T00:00:00Z
RO_143450,Strada Ion Sion,RO,Q13481827,1,male,,,1,0,1,NA,692f258578127c407bfc7d6cd2fcee77,2022-11-12T21:41:19Z,Ioan Sion,Romanian general,human,+1890-09-28T00:00:00Z,+1942-11-24T00:00:00Z
RO_143450,Strada Ion Rațiu,RO,Q4357755,1,male,,,1,0,1,NA,692f258578127c407bfc7d6cd2fcee77,2022-11-12T21:40:29Z,Ion Rațiu,Romanian newspaper editor,human,+1917-06-06T00:00:00Z,+2000-01-17T00:00:00Z
RO_143450,Strada Ion Popovici-Bănățeanu,RO,Q18547007,1,male,,,1,0,1,NA,692f258578127c407bfc7d6cd2fcee77,2022-11-12T21:04:24Z,Ioan Popovici-Bănățeanul,Austro-Hungarian-born Romanian prose writer and poet,human,+1869-04-17T00:00:00Z,+1893-08-29T00:00:00Z
RO_143450,Strada Ion Pop Reteganu,RO,Q12730934,1,male,,,1,0,1,NA,692f258578127c407bfc7d6cd2fcee77,2022-11-12T21:01:48Z,Ion Pop-Reteganul,Romanian writer,human,+1853-06-10T00:00:00Z,+1905-04-03T00:00:00Z
RO_143450,Strada Ioan Codru Drăgușanu,RO,Q12730814,1,male,,,1,0,1,NA,692f258578127c407bfc7d6cd2fcee77,2022-11-12T20:58:13Z,Ion Codru-Drăgușanu,Austro-Hungarian ethnic Romanian prose writer,human,+1817-11-09T00:00:00Z,+1884-10-25T00:00:00Z
RO_143450,Strada Ioan Cătină,RO,Q46485373,1,male,,,1,0,1,NA,692f258578127c407bfc7d6cd2fcee77,2022-11-12T20:50:11Z,Ioan Catina,NA,human,+1828-00-00T00:00:00Z,+1851-00-00T00:00:00Z
RO_143450,Strada Interna Aeroporto,RO,NA,NA,NA,NA,NA,1,1,1,NA,692f258578127c407bfc7d6cd2fcee77,2022-11-12T20:49:34Z,NA,NA,NA,NA,NA
RO_143450,Strada Independenței,RO,Q37055,0,NA,,,1,0,1,NA,692f258578127c407bfc7d6cd2fcee77,2022-11-12T20:49:25Z,independence,"condition of a nation, country, or state which exercises self-government, and usually sovereignty, over the territory",NA,NA,NA
RO_143450,Strada Iezer,RO,NA,0,NA,,,1,0,1,NA,692f258578127c407bfc7d6cd2fcee77,2022-11-12T20:49:12Z,NA,NA,NA,NA,NA
RO_143450,Strada Iazul Morii,RO,NA,0,NA,,,1,0,1,NA,692f258578127c407bfc7d6cd2fcee77,2022-11-12T20:48:49Z,NA,NA,NA,NA,NA
RO_143450,Strada Iancu de Hunedoara,RO,Q242688,1,male,,,1,0,1,NA,692f258578127c407bfc7d6cd2fcee77,2022-11-12T20:34:29Z,John Hunyadi,"Regent-Governor of the Kingdom of Hungary, 1446–1453",human,+1407-00-00T00:00:00Z,+1456-08-11T00:00:00Z
RO_143450,Strada Iacob Bologa,RO,Q22917077,1,male,,,1,0,1,NA,692f258578127c407bfc7d6cd2fcee77,2022-11-12T20:34:16Z,Iacob Bologa,NA,human,+1817-12-07T00:00:00Z,+1888-05-18T00:00:00Z
RO_143450,Strada Hurmuzache,RO,Q107230174,0,NA,,,1,0,1,NA,692f258578127c407bfc7d6cd2fcee77,2022-11-12T20:31:50Z,Hurmuzache,family name,family name,NA,NA
RO_143450,Strada Horia,RO,Q1656593,1,male,,,1,0,1,NA,692f258578127c407bfc7d6cd2fcee77,2022-11-12T20:30:38Z,Vasile Ursu Nicola,Romanian revolutionary (1731-1785),human,+1731-01-01T00:00:00Z,+1785-02-28T00:00:00Z
RO_143450,Strada Honterus,RO,Q738256,1,male,,,1,0,1,NA,692f258578127c407bfc7d6cd2fcee77,2022-11-12T20:29:05Z,Johannes Honter,Transylvanian Saxon renaissance humanist,human,+1498-01-01T00:00:00Z,+1549-01-23T00:00:00Z
RO_143450,Strada Hipodromului,RO,Q11822917,0,NA,,,1,0,1,NA,692f258578127c407bfc7d6cd2fcee77,2022-11-12T20:28:20Z,horse racing venue,venue used in horse racing,NA,NA,NA
RO_143450,Strada Hermann Oberth,RO,Q78503,1,male,,,1,0,1,NA,692f258578127c407bfc7d6cd2fcee77,2022-11-12T20:27:55Z,Hermann Oberth,Austro-Hungarian-born German physicist and rocketry pioneer (1894-1989),human,+1894-06-25T00:00:00Z,+1989-12-28T00:00:00Z
RO_143450,Strada Heinrich Heine,RO,Q44403,1,male,,,1,0,1,NA,692f258578127c407bfc7d6cd2fcee77,2022-11-12T20:27:38Z,Heinrich Heine,"German poet, writer and literary critic (1797–1856)",human,+1797-12-13T00:00:00Z,+1856-02-17T00:00:00Z
RO_143450,Strada Hameiului,RO,Q104212,0,NA,,,1,0,1,NA,692f258578127c407bfc7d6cd2fcee77,2022-11-12T20:22:56Z,Humulus lupulus,species of plant,taxon,NA,NA
RO_143450,Strada Grigore Ureche,RO,Q592030,1,male,,,1,0,1,NA,692f258578127c407bfc7d6cd2fcee77,2022-11-12T20:22:11Z,Grigore Ureche,Moldavian chronicler,human,+1590-00-00T00:00:00Z,+1647-01-01T00:00:00Z
RO_143450,Strada Grădinilor,RO,Q1107656,0,NA,,,1,0,1,NA,692f258578127c407bfc7d6cd2fcee77,2022-11-12T20:13:38Z,garden,"planned space set aside for the display, cultivation, and enjoyment of plants",NA,NA,NA
RO_143450,Strada Gorăslău,RO,NA,0,NA,,,1,0,1,NA,692f258578127c407bfc7d6cd2fcee77,2022-11-12T20:10:12Z,NA,NA,NA,NA,NA
RO_143450,Strada Giuseppe Garibaldi,RO,Q539,1,male,,,1,0,1,NA,692f258578127c407bfc7d6cd2fcee77,2022-11-12T20:09:47Z,Giuseppe Garibaldi,"Italian general, patriot, and republican (1807–1882)",human,+1807-07-04T00:00:00Z,+1882-06-02T00:00:00Z
RO_143450,Strada Gimnasticii,RO,Q43450,0,NA,,,1,0,1,NA,692f258578127c407bfc7d6cd2fcee77,2022-11-12T20:05:12Z,gymnastics,sport,type of sport,NA,NA
RO_143450,Strada Ghiocelului,RO,Q105415,0,NA,,,1,0,1,NA,692f258578127c407bfc7d6cd2fcee77,2022-11-12T20:04:07Z,Galanthus,genus of plants,taxon,NA,NA
RO_143450,Strada Gheorghe Șoima,RO,Q115184221,1,male,culture,,1,0,1,NA,692f258578127c407bfc7d6cd2fcee77,2022-11-12T20:01:56Z,Gheorghe Șoima,Romanian composer,human,+1911-02-13T00:00:00Z,+1985-11-26T00:00:00Z
RO_143450,Strada Gheorghe Șincai,RO,Q774046,1,male,,,1,0,1,NA,692f258578127c407bfc7d6cd2fcee77,2022-11-12T19:53:44Z,Gheorghe Șincai,Romanian poet and historian,human,+1754-02-28T00:00:00Z,+1816-11-24T00:00:00Z
RO_143450,Strada Gheorghe Dima,RO,Q327241,1,male,,,1,0,1,NA,692f258578127c407bfc7d6cd2fcee77,2022-11-12T19:46:21Z,George Dima,Romanian composer and director of church music (1847-1925),human,+1847-12-28T00:00:00Z,+1925-06-04T00:00:00Z
RO_143450,Strada Gheorghe Barițiu,RO,Q445042,1,male,,,1,0,1,NA,692f258578127c407bfc7d6cd2fcee77,2022-11-12T19:46:07Z,George Bariț,Romanian academic and politician (1812-1893),human,+1812-06-04T00:00:00Z,+1893-05-02T00:00:00Z
RO_143450,Strada George Topârceanu,RO,Q927459,1,male,,,1,0,1,NA,692f258578127c407bfc7d6cd2fcee77,2022-11-12T19:45:18Z,George Topîrceanu,Romanian writer,human,+1886-03-20T00:00:00Z,+1937-05-07T00:00:00Z
RO_143450,Strada George Coșbuc,RO,Q473257,1,male,,,1,0,1,NA,692f258578127c407bfc7d6cd2fcee77,2022-11-12T19:41:10Z,George Coșbuc,"Romanian poet, translator, teacher and journalist (1866-1918)",human,+1866-09-20T00:00:00Z,+1918-05-09T00:00:00Z
RO_143450,Strada Georg Wilhelm Friedrich Hegel,RO,Q9235,1,male,,,1,0,1,NA,692f258578127c407bfc7d6cd2fcee77,2022-11-12T19:40:56Z,Georg Wilhelm Friedrich Hegel,German philosopher and theologian (1770–1831),human,+1770-08-27T00:00:00Z,+1831-11-14T00:00:00Z
RO_143450,Strada Gențianei,RO,Q144682,0,NA,,,1,0,1,NA,692f258578127c407bfc7d6cd2fcee77,2022-11-12T19:40:37Z,Gentiana,genus of plants,taxon,NA,NA
RO_143450,Strada Geniștilor,RO,Q158797,0,NA,,,1,0,1,NA,692f258578127c407bfc7d6cd2fcee77,2022-11-12T19:40:09Z,military engineering,art and practice of designing and building military works and maintaining lines of military transport and communications,NA,NA,NA
RO_143450,Strada General Vasile Milea,RO,Q1365612,1,male,,,1,0,1,NA,692f258578127c407bfc7d6cd2fcee77,2022-11-12T19:37:26Z,Vasile Milea,Romanian general and politician (1927-1989),human,+1927-01-01T00:00:00Z,+1989-12-22T00:00:00Z
RO_143450,Strada General Moșoiu,RO,Q7832693,1,male,,,1,0,1,NA,692f258578127c407bfc7d6cd2fcee77,2022-11-12T19:37:02Z,Traian Moșoiu,Romanian general and politician (1868-1932),human,+1868-07-02T00:00:00Z,+1932-08-15T00:00:00Z
RO_143450,Strada General Magheru,RO,Q973203,1,male,,,1,0,1,NA,692f258578127c407bfc7d6cd2fcee77,2022-11-12T19:36:28Z,Gheorghe Magheru,Romanian revolutionary,human,+1802-04-08T00:00:00Z,+1880-05-23T00:00:00Z
RO_143450,Strada General Jean Maximilien Lamarque,RO,Q580516,1,male,,,1,0,1,NA,de13b5784be22a2f27e2052aafc7826f,2022-11-11T22:27:52Z,Jean Maximilien Lamarque,French commander of the Napoleonic Wars and politician (1770-1832),human,+1770-07-22T00:00:00Z,+1832-06-01T00:00:00Z
RO_143450,Strada General Grigore Bălan,RO,Q5609023,1,male,,,1,0,1,NA,de13b5784be22a2f27e2052aafc7826f,2022-11-11T22:27:28Z,Grigore Bălan,Romanian general (1896-1944),human,+1896-07-14T00:00:00Z,+1944-09-13T00:00:00Z
RO_143450,Strada General Gheorghe Mărdărescu,RO,Q15980107,1,male,,,1,0,1,NA,de13b5784be22a2f27e2052aafc7826f,2022-11-11T22:26:42Z,Gheorghe Mărdărescu,Romanian general,human,+1866-08-04T00:00:00Z,+1938-09-05T00:00:00Z
RO_143450,Strada D.D. Roșca,RO,Q896474,1,male,,,1,0,1,NA,de13b5784be22a2f27e2052aafc7826f,2022-11-11T22:26:19Z,Dumitru D. Roșca,Romanian philosopher,human,+1895-01-29T00:00:00Z,+1980-08-25T00:00:00Z
RO_143450,Strada Cuptorului,RO,Q36539,0,NA,,,1,0,1,NA,de13b5784be22a2f27e2052aafc7826f,2022-11-11T22:25:29Z,oven,"enclosed chamber for heating other objects, often used to prepare food, finish ceramics, and purify substances",NA,NA,NA
RO_143450,Strada Cucului,RO,Q18845,0,NA,,,1,0,1,NA,de13b5784be22a2f27e2052aafc7826f,2022-11-11T22:24:58Z,Common Cuckoo,species of bird,taxon,NA,NA
RO_143450,Strada Croitorilor,RO,Q242468,0,NA,,,1,0,1,NA,de13b5784be22a2f27e2052aafc7826f,2022-11-11T22:22:22Z,tailor,"person who makes, repairs, or alters clothing professionally",profession,NA,NA
RO_143450,Strada Cristian,RO,NA,0,NA,,,1,0,1,NA,de13b5784be22a2f27e2052aafc7826f,2022-11-11T22:21:49Z,NA,NA,NA,NA,NA
RO_143450,Strada Crișanei,RO,NA,0,NA,,,1,0,1,NA,de13b5784be22a2f27e2052aafc7826f,2022-11-11T22:21:28Z,NA,NA,NA,NA,NA
RO_143450,Strada Crint,RO,Q12725912,0,NA,,,1,0,1,NA,de13b5784be22a2f27e2052aafc7826f,2022-11-11T22:14:32Z,Crinț,"locality in Sibiu County, Romania",constituent locality,NA,NA
RO_143450,Strada Crinilor,RO,NA,0,NA,,,1,0,1,NA,de13b5784be22a2f27e2052aafc7826f,2022-11-11T22:01:29Z,NA,NA,NA,NA,NA
RO_143450,Strada Cooperatorilor,RO,NA,0,NA,,,1,0,1,NA,de13b5784be22a2f27e2052aafc7826f,2022-11-11T22:00:42Z,NA,NA,NA,NA,NA
RO_143450,Strada Constructorilor,RO,Q1340643,0,NA,,,1,0,1,NA,de13b5784be22a2f27e2052aafc7826f,2022-11-11T21:59:54Z,master builder,"person, a central figure leading construction projects",profession,NA,NA
RO_143450,Strada Constituției,RO,Q7755,0,NA,,,1,0,1,NA,de13b5784be22a2f27e2052aafc7826f,2022-11-11T21:58:06Z,constitution,set of fundamental principles or established precedents according to which a state or other organization is governed,NA,NA,NA
RO_143450,Strada Constantin I. Nottara,RO,Q18544427,1,male,,,1,0,1,NA,de13b5784be22a2f27e2052aafc7826f,2022-11-11T20:53:27Z,Constantin I. Nottara,Romanian actor,human,+1859-06-05T00:00:00Z,+1935-10-16T00:00:00Z
RO_143450,Strada Constantin (Costache) Negruzzi,RO,Q868839,1,male,,,1,0,1,NA,de13b5784be22a2f27e2052aafc7826f,2022-11-11T20:53:01Z,Constantin Negruzzi,Romanian politician and writer (1808-1868),human,+1808-01-01T00:00:00Z,+1868-01-01T00:00:00Z
RO_143450,Strada Combinei,RO,NA,0,NA,,,1,0,1,NA,de13b5784be22a2f27e2052aafc7826f,2022-11-11T20:52:39Z,NA,NA,NA,NA,NA
RO_143450,Strada Cojocarilor,RO,NA,0,NA,,,1,0,1,NA,de13b5784be22a2f27e2052aafc7826f,2022-11-11T20:52:35Z,NA,NA,NA,NA,NA
RO_143450,Strada Cloșca,RO,NA,0,NA,,,1,0,1,NA,de13b5784be22a2f27e2052aafc7826f,2022-11-11T20:52:06Z,NA,NA,NA,NA,NA
RO_143450,Strada Cisnădioara,RO,Q649070,0,NA,,,1,0,1,NA,de13b5784be22a2f27e2052aafc7826f,2022-11-11T20:51:35Z,Cisnădioara,"locality in Sibiu County, Romania",constituent locality,NA,NA
RO_143450,Strada Ciorcârliei,RO,Q3402673,0,NA,,,1,0,1,NA,de13b5784be22a2f27e2052aafc7826f,2022-11-11T20:51:00Z,Ciocârlia,song,musical work/composition,NA,NA
RO_143450,Strada Cindrel,RO,Q198356,0,NA,,,1,0,1,NA,de13b5784be22a2f27e2052aafc7826f,2022-11-11T20:49:43Z,Cindrel Mountains,mountain range,mountain range,NA,NA
RO_143450,Strada Charles Darwin,RO,Q1035,1,male,,,1,0,1,NA,de13b5784be22a2f27e2052aafc7826f,2022-11-11T20:47:14Z,Charles Darwin,English naturalist and biologist (1809–1882),human,+1809-02-12T00:00:00Z,+1882-04-19T00:00:00Z
RO_143450,Strada Cetății,RO,Q57831,0,NA,,,1,0,1,NA,de13b5784be22a2f27e2052aafc7826f,2022-11-11T20:42:59Z,fortress,large fort,NA,NA,NA
RO_143450,Strada Cernei,RO,NA,0,NA,,,1,0,1,NA,de13b5784be22a2f27e2052aafc7826f,2022-11-11T19:37:23Z,NA,NA,NA,NA,NA
RO_143450,Strada Cerbului,RO,Q23390,0,NA,,,1,0,1,NA,de13b5784be22a2f27e2052aafc7826f,2022-11-11T19:33:29Z,Cervidae,hoofed ruminant mammals forming the family Cervidae,taxon,NA,NA
RO_143450,Strada Centumvirilor,RO,NA,0,NA,,,1,0,1,NA,de13b5784be22a2f27e2052aafc7826f,2022-11-11T19:33:02Z,NA,NA,NA,NA,NA
RO_143450,Strada Ceferiștilor,RO,NA,0,NA,,,1,0,1,NA,de13b5784be22a2f27e2052aafc7826f,2022-11-11T19:28:27Z,NA,NA,NA,NA,NA
RO_143450,Strada Cedonia,RO,Q5057059,0,NA,,,1,0,1,NA,de13b5784be22a2f27e2052aafc7826f,2022-11-11T19:26:47Z,Castra Cedonia,Roman fort in Dacia,castrum,NA,NA
RO_143450,Strada Castorului,RO,Q47542,0,NA,,,1,0,1,NA,de13b5784be22a2f27e2052aafc7826f,2022-11-11T19:23:08Z,beaver,genus of mammals,taxon,NA,NA
RO_143450,Strada Carpaților,RO,Q1288,0,NA,,,1,0,1,NA,de13b5784be22a2f27e2052aafc7826f,2022-11-11T19:22:22Z,Carpathian Mountains,mountain range in Central and Eastern Europe,mountain range,NA,NA
RO_143450,Strada Cărbunelui,RO,NA,0,NA,,,1,0,1,NA,de13b5784be22a2f27e2052aafc7826f,2022-11-11T19:20:28Z,NA,NA,NA,NA,NA
RO_143450,Strada Căprioarelor,RO,Q122069,0,NA,,,1,0,1,NA,de13b5784be22a2f27e2052aafc7826f,2022-11-11T19:19:51Z,roe deer,species of mammal,taxon,NA,NA
RO_143450,Strada Caprelor,RO,Q172923,0,NA,,,1,0,1,NA,de13b5784be22a2f27e2052aafc7826f,2022-11-11T19:17:08Z,Capra,genus of mammals,taxon,NA,NA
RO_143450,Strada Călțun,RO,Q1129414,0,NA,,,1,0,1,NA,de13b5784be22a2f27e2052aafc7826f,2022-11-11T19:07:19Z,Călțun-Lespezi,NA,NA,NA,NA
RO_143450,Strada General Dragalina,RO,Q2918453,1,male,,,1,0,1,NA,72d8eebbf5fcf8fc44008a94a5b76c6f,2022-11-11T14:59:23Z,Ion Dragalina,Romanian general (1860-1916),human,+1860-12-16T00:00:00Z,+1916-11-09T00:00:00Z
RO_143450,Strada Gării,RO,NA,0,NA,,,1,0,1,NA,72d8eebbf5fcf8fc44008a94a5b76c6f,2022-11-11T14:58:40Z,NA,NA,NA,NA,NA
RO_143450,Strada Galileo Galilei,RO,Q307,1,male,,,1,0,1,NA,72d8eebbf5fcf8fc44008a94a5b76c6f,2022-11-11T14:58:07Z,Galileo Galilei,Italian polymath (1564–1642),human,+1564-02-15T00:00:00Z,+1642-01-08T00:00:00Z
RO_143450,Strada G. M. Zamfirescu,RO,Q9267269,1,male,,,1,0,1,NA,72d8eebbf5fcf8fc44008a94a5b76c6f,2022-11-11T14:57:49Z,George Mihail Zamfirescu,Romanian prose writer and playwright,human,+1898-10-13T00:00:00Z,+1939-08-08T00:00:00Z
RO_143450,Strada Frații Grachi,RO,Q297183,1,male,,,1,0,2,NA,72d8eebbf5fcf8fc44008a94a5b76c6f,2022-11-11T14:56:51Z,Gaius Gracchus,ancient Roman politician,human,-0154-00-00T00:00:00Z,-0121-00-00T00:00:00Z
RO_143450,Strada Frații Grachi,RO,Q212109,1,male,,,1,0,2,NA,72d8eebbf5fcf8fc44008a94a5b76c6f,2022-11-11T14:56:06Z,Tiberius Gracchus,ancient Rome politician,human,-0162-00-00T00:00:00Z,-0133-00-00T00:00:00Z
RO_143450,Strada Frigoriferului,RO,Q37828,0,NA,,,1,0,1,NA,72d8eebbf5fcf8fc44008a94a5b76c6f,2022-11-11T14:54:56Z,refrigerator,household or industrial appliance for preserving food at a low temperature,NA,NA,NA
RO_143450,Strada Fragilor,RO,NA,0,NA,,,1,0,1,NA,72d8eebbf5fcf8fc44008a94a5b76c6f,2022-11-11T14:54:22Z,NA,NA,NA,NA,NA
RO_143450,Strada Forjorilor,RO,NA,0,NA,,,1,0,1,NA,72d8eebbf5fcf8fc44008a94a5b76c6f,2022-11-11T14:53:59Z,NA,NA,NA,NA,NA
RO_143450,Strada Florian Rieger,RO,NA,1,male,,,1,0,1,NA,72d8eebbf5fcf8fc44008a94a5b76c6f,2022-11-11T14:53:45Z,NA,NA,NA,NA,NA
RO_143450,Strada Flacăra,RO,Q235544,0,NA,,,1,0,1,NA,72d8eebbf5fcf8fc44008a94a5b76c6f,2022-11-11T14:53:02Z,flame,"visible, gaseous part of a fire",NA,NA,NA
RO_143450,Strada Filarmonicii,RO,NA,0,NA,,,1,0,1,NA,72d8eebbf5fcf8fc44008a94a5b76c6f,2022-11-11T14:52:36Z,NA,NA,NA,NA,NA
RO_143450,Strada Felinarului,RO,NA,0,NA,,,1,0,1,NA,72d8eebbf5fcf8fc44008a94a5b76c6f,2022-11-11T14:51:48Z,NA,NA,NA,NA,NA
RO_143450,Strada Faurului,RO,NA,0,NA,,,1,0,1,NA,72d8eebbf5fcf8fc44008a94a5b76c6f,2022-11-11T14:51:14Z,NA,NA,NA,NA,NA
RO_143450,Strada Fântânii,RO,NA,0,NA,,,1,0,1,NA,72d8eebbf5fcf8fc44008a94a5b76c6f,2022-11-11T14:50:20Z,NA,NA,NA,NA,NA
RO_143450,Strada Fântânele,RO,NA,0,NA,,,1,0,1,NA,72d8eebbf5fcf8fc44008a94a5b76c6f,2022-11-11T14:50:15Z,NA,NA,NA,NA,NA
RO_143450,Strada Faianței,RO,Q468402,0,NA,,,1,0,1,NA,72d8eebbf5fcf8fc44008a94a5b76c6f,2022-11-11T14:49:40Z,tile,manufactured piece of hard-wearing material,NA,NA,NA
RO_143450,Strada Europa Unită,RO,NA,0,NA,,,1,0,1,NA,72d8eebbf5fcf8fc44008a94a5b76c6f,2022-11-11T14:49:25Z,NA,NA,NA,NA,NA
RO_143450,Strada Eschile,RO,NA,0,NA,,,1,0,1,NA,72d8eebbf5fcf8fc44008a94a5b76c6f,2022-11-11T14:47:21Z,NA,NA,NA,NA,NA
RO_143450,Strada Eroilor,RO,Q162244,0,NA,,,1,0,1,NA,72d8eebbf5fcf8fc44008a94a5b76c6f,2022-11-11T14:47:14Z,hero,"person or character who fights adversity through ingenuity, courage, or strength",occupation,NA,NA
RO_143450,Strada Emil Zola,RO,Q504,1,male,,,1,0,1,NA,72d8eebbf5fcf8fc44008a94a5b76c6f,2022-11-11T14:46:05Z,Émile Zola,"French journalist, playwright and poet (1840–1902)",human,+1840-04-02T00:00:00Z,+1902-09-29T00:00:00Z
RO_143450,Strada Emil Cioran,RO,Q193405,1,male,,,1,0,1,NA,72d8eebbf5fcf8fc44008a94a5b76c6f,2022-11-11T14:45:42Z,Emil Cioran,Romanian-French philosopher and essayist,human,+1911-04-08T00:00:00Z,+1995-06-20T00:00:00Z
RO_143450,Strada Elena Cuza Doamna,RO,Q4975558,1,female,,,1,0,1,NA,72d8eebbf5fcf8fc44008a94a5b76c6f,2022-11-11T14:45:12Z,Elena Cuza,Romanian noble and philanthropist,human,+1825-06-17T00:00:00Z,+1909-04-02T00:00:00Z
RO_143450,Strada Electricienilor,RO,NA,0,NA,,,1,0,1,NA,72d8eebbf5fcf8fc44008a94a5b76c6f,2022-11-11T14:44:49Z,NA,NA,NA,NA,NA
RO_143450,Strada El Greco,RO,Q301,1,male,,,1,0,1,NA,72d8eebbf5fcf8fc44008a94a5b76c6f,2022-11-11T14:41:08Z,El Greco,"Greek artist, painter, sculptor and architect, 1541-1614",human,+1541-10-01T00:00:00Z,+1614-04-07T00:00:00Z
RO_143450,Strada Egalității,RO,Q912512,0,NA,,,1,0,1,NA,72d8eebbf5fcf8fc44008a94a5b76c6f,2022-11-11T14:40:50Z,equal opportunity,Similar treatment of all people,NA,NA,NA
RO_143450,Strada Eduard Albert Bieltz,RO,Q987698,0,NA,,,1,0,1,NA,72d8eebbf5fcf8fc44008a94a5b76c6f,2022-11-11T14:40:12Z,Eduard Albert Bielz,zoologist (1827-1898),human,+1827-02-04T00:00:00Z,+1898-05-26T00:00:00Z
RO_143450,Strada Dulgherilor,RO,Q154549,0,NA,,,1,0,1,NA,72d8eebbf5fcf8fc44008a94a5b76c6f,2022-11-11T14:39:18Z,carpenter,profession; person who performs carpentry,wood working profession,NA,NA
RO_143450,Strada Drum Nou,RO,NA,0,NA,,,1,0,1,NA,72d8eebbf5fcf8fc44008a94a5b76c6f,2022-11-11T14:38:39Z,NA,NA,NA,NA,NA
RO_143450,Strada Dorobanților,RO,NA,0,NA,,,1,0,1,NA,72d8eebbf5fcf8fc44008a94a5b76c6f,2022-11-11T14:38:13Z,NA,NA,NA,NA,NA
RO_143450,Strada Doljului,RO,NA,0,NA,,,1,0,1,NA,72d8eebbf5fcf8fc44008a94a5b76c6f,2022-11-11T14:37:47Z,NA,NA,NA,NA,NA
RO_143450,Strada Doinei,RO,NA,0,NA,,,1,0,1,NA,72d8eebbf5fcf8fc44008a94a5b76c6f,2022-11-11T14:33:06Z,NA,NA,NA,NA,NA
RO_143450,Strada Doctor Stanca,RO,NA,1,male,,,1,0,1,NA,72d8eebbf5fcf8fc44008a94a5b76c6f,2022-11-11T14:32:50Z,NA,NA,NA,NA,NA
RO_143450,Strada Doctor Ioan Lupaș,RO,Q6061817,1,male,,,1,0,1,NA,72d8eebbf5fcf8fc44008a94a5b76c6f,2022-11-11T14:31:48Z,Ioan Lupaș,Romanian academic and politician,human,+1880-08-09T00:00:00Z,+1967-07-03T00:00:00Z
RO_143450,Strada Doctor Dumitru Bagdazar,RO,Q18537650,1,male,,,1,0,1,NA,72d8eebbf5fcf8fc44008a94a5b76c6f,2022-11-11T14:31:28Z,Dumitru Bagdasar,Romanian physician (1893-1946),human,+1893-12-17T00:00:00Z,+1946-07-16T00:00:00Z
RO_143450,Strada Doctor Corneliu Diaconovici,RO,Q13472414,1,male,,,1,0,1,NA,72d8eebbf5fcf8fc44008a94a5b76c6f,2022-11-11T14:31:02Z,Corneliu Diaconovici,Romanian journalist,human,+1859-02-18T00:00:00Z,+1923-08-17T00:00:00Z
RO_143450,Strada Doctor Barcianu,RO,NA,1,male,,,1,0,1,NA,72d8eebbf5fcf8fc44008a94a5b76c6f,2022-11-11T14:30:43Z,NA,NA,NA,NA,NA
RO_143450,Strada Dobârca,RO,Q747180,0,NA,,,1,0,1,NA,72d8eebbf5fcf8fc44008a94a5b76c6f,2022-11-11T14:28:18Z,Dobârca,"village in Sibiu County, Romania",village,NA,NA
RO_143450,Strada Distribuției,RO,NA,0,NA,,,1,0,1,NA,72d8eebbf5fcf8fc44008a94a5b76c6f,2022-11-11T14:27:57Z,NA,NA,NA,NA,NA
RO_143450,Strada Dinicu Golescu,RO,Q731706,1,male,,,1,0,1,NA,72d8eebbf5fcf8fc44008a94a5b76c6f,2022-11-11T14:27:12Z,Dinicu Golescu,Romanian writer (1777-1830),human,+1777-02-07T00:00:00Z,+1830-10-05T00:00:00Z
RO_143450,Strada Dimitrie Cantemir,RO,Q159933,1,male,,,1,0,1,NA,72d8eebbf5fcf8fc44008a94a5b76c6f,2022-11-11T14:10:30Z,Dimitrie Cantemir,Prince of Moldavia,human,+1674-10-26T00:00:00Z,+1723-08-21T00:00:00Z
RO_143450,Strada Dimitrie Anghel,RO,Q905508,1,male,,,1,0,1,NA,72d8eebbf5fcf8fc44008a94a5b76c6f,2022-11-11T14:09:46Z,Dimitrie Anghel,Romanian poet,human,+1872-07-16T00:00:00Z,+1914-11-13T00:00:00Z
RO_143450,Strada Diaconul Coressi,RO,Q869105,1,male,,,1,0,1,NA,72d8eebbf5fcf8fc44008a94a5b76c6f,2022-11-11T14:09:20Z,Coresi,Romanian printer,human,NA,+1583-01-01T00:00:00Z
RO_143450,Strada Deventer,RO,NA,0,NA,,,1,0,1,NA,72d8eebbf5fcf8fc44008a94a5b76c6f,2022-11-11T14:07:49Z,NA,NA,NA,NA,NA
RO_143450,Strada Decebal,RO,Q28928,1,male,,,1,0,1,NA,72d8eebbf5fcf8fc44008a94a5b76c6f,2022-11-11T14:05:12Z,Decebalus,king of Dacia,human,+0100-01-01T00:00:00Z,+0106-00-00T00:00:00Z
RO_143450,Strada Darstelor,RO,NA,0,NA,,,1,0,1,NA,72d8eebbf5fcf8fc44008a94a5b76c6f,2022-11-11T14:04:59Z,NA,NA,NA,NA,NA
RO_143450,Strada Dafinului,RO,Q26006,0,NA,,,1,0,1,NA,72d8eebbf5fcf8fc44008a94a5b76c6f,2022-11-11T14:04:28Z,Laurus nobilis,species of plant,taxon,NA,NA
RO_143450,Strada Bungardului,RO,NA,0,NA,,,1,0,1,NA,1531daf08732be49404f13e5c97472a4,2022-11-11T12:08:05Z,NA,NA,NA,NA,NA
RO_143450,Strada Budislavu,RO,Q10361615,0,NA,,,1,0,1,NA,1531daf08732be49404f13e5c97472a4,2022-11-11T12:07:10Z,Budislavu River,river in Romania,river,NA,NA
RO_143450,Strada Bucovinei,RO,Q105206,0,NA,,,1,0,1,NA,1531daf08732be49404f13e5c97472a4,2022-11-11T12:02:01Z,Bukovina,historical region in Central Europe,geographic region,NA,NA
RO_143450,Strada Brutarilor,RO,Q274393,0,NA,,,1,0,1,NA,1531daf08732be49404f13e5c97472a4,2022-11-11T12:01:42Z,bakery,establishment that produces and sells flour-based food baked in an oven,NA,NA,NA
RO_143450,Strada Bratislava,RO,Q1780,0,NA,,,1,0,1,NA,1531daf08732be49404f13e5c97472a4,2022-11-11T12:01:18Z,Bratislava,capital city of Slovakia,city,NA,NA
RO_143450,Strada Brândușei,RO,NA,0,NA,,,1,0,1,NA,1531daf08732be49404f13e5c97472a4,2022-11-11T12:00:40Z,NA,NA,NA,NA,NA
RO_143450,Strada Bradului,RO,Q25350,0,NA,,,1,0,1,NA,1531daf08732be49404f13e5c97472a4,2022-11-11T12:00:21Z,Abies,genus of plants,taxon,NA,NA
RO_143450,Strada Boticelli,RO,Q5669,1,male,,,1,0,1,NA,1531daf08732be49404f13e5c97472a4,2022-11-11T11:59:56Z,Sandro Botticelli,Italian painter (1445-1510),human,+1445-03-01T00:00:00Z,+1510-05-17T00:00:00Z
RO_143450,Strada Blănarilor,RO,NA,0,NA,,,1,0,1,NA,1531daf08732be49404f13e5c97472a4,2022-11-11T11:57:37Z,NA,NA,NA,NA,NA
RO_143450,Strada Bihorului,RO,Q794778,0,NA,,,1,0,1,NA,1531daf08732be49404f13e5c97472a4,2022-11-11T11:56:56Z,Bihor Mountains,mountain range,mountain range,NA,NA
RO_143450,Strada Berzelor,RO,NA,0,NA,,,1,0,1,NA,1531daf08732be49404f13e5c97472a4,2022-11-11T11:46:49Z,NA,NA,NA,NA,NA
RO_143450,Strada Berlin,RO,Q64,0,NA,,,1,0,1,NA,1531daf08732be49404f13e5c97472a4,2022-11-11T11:46:05Z,Berlin,"federal state, capital and largest city of Germany",seat of government,NA,NA
RO_143450,Strada Berăriei,RO,Q858012,0,NA,,,1,0,1,NA,1531daf08732be49404f13e5c97472a4,2022-11-11T11:44:55Z,beer hall,large drinking establishment mostly serving beer,NA,NA,NA
RO_143450,Strada Bastionului,RO,Q81851,0,NA,,,1,0,1,NA,1531daf08732be49404f13e5c97472a4,2022-11-11T11:44:22Z,bastion,structure projecting outward from the curtain wall of a fortification,NA,NA,NA
RO_143450,Strada Barcelona,RO,Q1492,0,NA,,,1,0,1,NA,1531daf08732be49404f13e5c97472a4,2022-11-11T11:44:07Z,Barcelona,"city in Catalonia, Spain",municipality of Catalonia,NA,NA
RO_143450,Strada Bărbierilor,RO,Q107198,0,NA,,,1,0,1,NA,1531daf08732be49404f13e5c97472a4,2022-11-11T11:43:33Z,barber,"person whose occupation is mainly to cut, dress, groom, style and shave males' hair",profession,NA,NA
RO_143450,Strada Banatului,RO,Q170143,0,NA,,,1,0,1,NA,1531daf08732be49404f13e5c97472a4,2022-11-11T11:41:33Z,Banat,geographical and historical region in Central and Eastern Europe,geographic region,NA,NA
RO_143450,Strada Balanței,RO,NA,0,NA,,,1,0,1,NA,1531daf08732be49404f13e5c97472a4,2022-11-11T11:41:15Z,NA,NA,NA,NA,NA
RO_143450,Strada Băii,RO,NA,0,NA,,,1,0,1,NA,1531daf08732be49404f13e5c97472a4,2022-11-11T11:40:21Z,NA,NA,NA,NA,NA
RO_143450,Strada Băicoi,RO,Q283862,0,NA,,,1,0,1,NA,1531daf08732be49404f13e5c97472a4,2022-11-11T11:37:49Z,Băicoi,"town in Prahova County, Romania",town in Romania,NA,NA
RO_143450,Strada Azilului,RO,NA,0,NA,,,1,0,1,NA,1531daf08732be49404f13e5c97472a4,2022-11-11T11:37:00Z,NA,NA,NA,NA,NA
RO_143450,Strada Avocat Ilie Măcelaru,RO,Q12730321,1,male,,,1,0,1,NA,1531daf08732be49404f13e5c97472a4,2022-11-11T11:34:47Z,Ilie Măcelar,NA,human,+1822-04-30T00:00:00Z,+1891-02-20T00:00:00Z
RO_143450,Strada Aviator Gheorghe Bănciulescu,RO,Q5556284,1,male,,,1,0,1,NA,1531daf08732be49404f13e5c97472a4,2022-11-11T11:33:22Z,Gheorghe Bănciulescu,Romanian aviator,human,+1898-12-28T00:00:00Z,+1935-04-12T00:00:00Z
RO_143450,Strada Autogării,RO,Q494829,0,NA,,,1,0,1,NA,1531daf08732be49404f13e5c97472a4,2022-11-11T11:32:59Z,bus station,"structure, larger than a bus stop, where city or intercity buses stop to pick up and drop off passengers",NA,NA,NA
RO_143450,Strada August Treboniu Laurian,RO,Q2870948,1,male,,,1,0,1,NA,1531daf08732be49404f13e5c97472a4,2022-11-11T11:32:42Z,August Treboniu Laurian,Romanian politician and academic,human,+1810-07-17T00:00:00Z,+1881-02-25T00:00:00Z
RO_143450,Strada Arieșului,RO,Q660435,0,NA,,,1,0,1,NA,1531daf08732be49404f13e5c97472a4,2022-11-11T11:32:29Z,Arieș River,"tributary of Mureș River in Transylvania, Romania",river,NA,NA
RO_143450,Strada Arhivelor,RO,Q166118,0,NA,,,1,0,1,NA,1531daf08732be49404f13e5c97472a4,2022-11-11T11:32:03Z,archives,agency or institution responsible for the preservation and communication of records selected for permanent preservation,NA,NA,NA
RO_143450,Strada Argintarilor,RO,NA,0,NA,,,1,0,1,NA,1531daf08732be49404f13e5c97472a4,2022-11-11T11:25:10Z,NA,NA,NA,NA,NA
RO_143450,Strada Argeșului,RO,Q214811,0,NA,,,1,0,1,NA,1531daf08732be49404f13e5c97472a4,2022-11-11T11:24:46Z,Argeș River,Romanian river,river,NA,NA
RO_143450,Strada Anul 1907,RO,Q2048,0,NA,,,1,0,1,NA,1531daf08732be49404f13e5c97472a4,2022-11-11T11:16:56Z,1907,year,calendar year,NA,NA
RO_143450,Strada Anul 1848,RO,Q7647,0,NA,,,1,0,1,NA,1531daf08732be49404f13e5c97472a4,2022-11-11T11:16:33Z,1848,year,calendar year,NA,NA
RO_143450,Strada Anghel Salihny,RO,Q285575,1,male,,,1,0,1,NA,1531daf08732be49404f13e5c97472a4,2022-11-11T11:16:08Z,Anghel Saligny,Romanian engineer,human,+1854-04-19T00:00:00Z,+1925-06-17T00:00:00Z
RO_143450,Strada Andrei Șaguna,RO,Q502776,1,male,,,1,0,1,NA,1531daf08732be49404f13e5c97472a4,2022-11-11T11:14:59Z,Andrei Șaguna,Romanian saint (1809-1873),human,+1808-12-20T00:00:00Z,+1873-06-28T00:00:00Z
RO_143450,Strada Andrei Mureșanu,RO,Q502292,1,male,,,1,0,1,NA,1531daf08732be49404f13e5c97472a4,2022-11-11T11:14:34Z,Andrei Mureșanu,Romanian writer (1816-1863),human,+1816-11-16T00:00:00Z,+1863-10-12T00:00:00Z
RO_143450,Strada Anatole France,RO,Q42443,1,male,culture,,1,0,1,NA,1531daf08732be49404f13e5c97472a4,2022-11-11T11:14:12Z,Anatole France,French writer,human,+1844-04-16T00:00:00Z,+1924-10-12T00:00:00Z
RO_143450,Strada Ana Ipătescu,RO,Q12720571,1,female,politics,,1,0,1,NA,1531daf08732be49404f13e5c97472a4,2022-11-11T11:13:53Z,Ana Ipătescu,Participant in the Romanian Revolution of 1848,human,+1805-00-00T00:00:00Z,+1875-03-13T00:00:00Z
RO_143450,Strada Amnaș,RO,Q834726,0,NA,,,1,0,1,NA,1531daf08732be49404f13e5c97472a4,2022-11-11T11:13:32Z,Amnaș,"locality in Sibiu County, Romania",constituent locality,NA,NA
RO_143450,Strada Alpinismului,RO,Q36908,0,NA,,,1,0,1,NA,1531daf08732be49404f13e5c97472a4,2022-11-11T11:13:12Z,mountaineering,sport of mountain climbing,NA,NA,NA
RO_143450,Strada Alexandru Xenopol,RO,Q635387,1,male,,,1,0,1,NA,1531daf08732be49404f13e5c97472a4,2022-11-11T11:12:45Z,Alexandru Dimitrie Xenopol,Romanian historian,human,+1847-03-23T00:00:00Z,+1920-02-27T00:00:00Z
RO_143450,Strada Alexandru Papiu-Ilarian,RO,Q276824,1,male,,,1,0,1,NA,d6aec579d877e5bdcd630b175d4a3b59,2022-11-11T10:06:29Z,Alexandru Papiu Ilarian,Romanian lawyer (1827-1877),human,+1827-09-27T00:00:00Z,+1877-10-23T00:00:00Z
RO_143450,Strada Alexandru Odobescu,RO,Q609482,0,NA,,,1,0,1,NA,d6aec579d877e5bdcd630b175d4a3b59,2022-11-11T10:06:05Z,Alexandru Odobescu,"commune in Călărași County, Romania",commune of Romania,NA,NA
RO_143450,Strada Alexandru Ioan Cuza,RO,Q294832,1,male,,,1,0,1,NA,d6aec579d877e5bdcd630b175d4a3b59,2022-11-11T10:00:40Z,Alexandru Ioan Cuza,first ruler of the United Principalities of Moldavia and Wallachia,human,+1820-03-20T00:00:00Z,+1873-05-03T00:00:00Z
RO_143450,Strada Alba Iulia,RO,Q174665,0,NA,,,1,0,1,NA,d6aec579d877e5bdcd630b175d4a3b59,2022-11-11T10:00:22Z,Alba Iulia,city in Romania,municipiu of Romania,NA,NA
RO_143450,Strada Alămor,RO,Q575255,0,NA,,,1,0,1,NA,d6aec579d877e5bdcd630b175d4a3b59,2022-11-11T09:54:15Z,Alămor,"village in Sibiu County, Romania",village,NA,NA
RO_143450,Strada Agârbiciu,RO,Q399617,0,NA,,,1,0,1,NA,d6aec579d877e5bdcd630b175d4a3b59,2022-11-11T09:51:19Z,Agârbiciu,"village in Sibiu County, Romania",village,NA,NA
RO_143450,Strada Abatorului,RO,Q385557,0,NA,,,1,0,1,NA,d6aec579d877e5bdcd630b175d4a3b59,2022-11-11T09:51:02Z,slaughterhouse,facility where animals are killed for consumption as food products,facility,NA,NA
RO_143450,Șoseaua Alba Iulia,RO,Q174665,0,NA,,,1,0,1,NA,d6aec579d877e5bdcd630b175d4a3b59,2022-11-11T09:49:19Z,Alba Iulia,city in Romania,municipiu of Romania,NA,NA
RO_143450,Scara Cetatenilor,RO,Q1020994,0,NA,,,1,0,1,NA,d6aec579d877e5bdcd630b175d4a3b59,2022-11-11T09:48:11Z,citizen,member of a state and a community,role,NA,NA
RO_143450,Prelungirea Rampa Ștefan cel Mare,RO,NA,NA,NA,NA,NA,1,1,1,NA,d6aec579d877e5bdcd630b175d4a3b59,2022-11-11T09:46:58Z,NA,NA,NA,NA,NA
RO_143450,Podul Minciunilor,RO,Q4925193,0,NA,,,1,0,1,NA,d6aec579d877e5bdcd630b175d4a3b59,2022-11-11T09:46:50Z,lie,intentionally false statement to a person or group made by another person or group,intentional human activity,NA,NA
RO_143450,Piațeta Târgul Peștelui,RO,Q1188480,0,NA,,,1,0,1,NA,d6aec579d877e5bdcd630b175d4a3b59,2022-11-11T09:45:54Z,fish market,marketplace for fish products,NA,NA,NA
RO_143450,Piața Teatrului,RO,Q11635,0,NA,,,1,0,1,NA,d6aec579d877e5bdcd630b175d4a3b59,2022-11-11T09:45:15Z,theatre,collaborative form of performing art,performing arts genre,NA,NA
RO_143450,Piața Tălmaciu,RO,Q679428,0,NA,,,1,0,1,NA,d6aec579d877e5bdcd630b175d4a3b59,2022-11-11T09:43:50Z,Tălmaciu,"town in Sibiu County, Romania",town in Romania,NA,NA
RO_143450,Piața Schiller,RO,Q22670,1,male,,,1,0,1,NA,d6aec579d877e5bdcd630b175d4a3b59,2022-11-11T09:43:34Z,Friedrich Schiller,"German poet, philosopher, historian and playwright (1759–1805)",human,+1759-11-10T00:00:00Z,+1805-05-09T00:00:00Z
RO_143450,Piața Prahovei,RO,Q188665,0,NA,,,1,0,1,NA,d6aec579d877e5bdcd630b175d4a3b59,2022-11-11T09:43:21Z,Prahova County,county in Romania,județ,NA,NA
RO_143450,Piața Mică,RO,NA,0,NA,,,1,0,1,NA,d6aec579d877e5bdcd630b175d4a3b59,2022-11-11T09:40:55Z,NA,NA,NA,NA,NA
RO_143450,Piața Mare,RO,NA,0,NA,,,1,0,1,NA,d6aec579d877e5bdcd630b175d4a3b59,2022-11-11T09:40:41Z,NA,NA,NA,NA,NA
RO_143450,Piața La Coroana,RO,NA,0,NA,,,1,0,1,NA,d6aec579d877e5bdcd630b175d4a3b59,2022-11-11T09:40:03Z,NA,NA,NA,NA,NA
RO_143450,Piața Friedrich von Schiller,RO,Q22670,1,male,,,1,0,1,NA,d6aec579d877e5bdcd630b175d4a3b59,2022-11-11T09:39:58Z,Friedrich Schiller,"German poet, philosopher, historian and playwright (1759–1805)",human,+1759-11-10T00:00:00Z,+1805-05-09T00:00:00Z
RO_143450,Piața Dragoner,RO,NA,0,NA,,,1,0,1,NA,d6aec579d877e5bdcd630b175d4a3b59,2022-11-11T09:39:42Z,NA,NA,NA,NA,NA
RO_143450,Piața Crișan,RO,NA,0,NA,,,1,0,1,NA,d6aec579d877e5bdcd630b175d4a3b59,2022-11-11T09:39:26Z,NA,NA,NA,NA,NA
RO_143450,Piața Cluj,RO,Q100188,0,NA,,,1,0,1,NA,d6aec579d877e5bdcd630b175d4a3b59,2022-11-11T09:38:56Z,Cluj-Napoca,city and seat of Cluj County in northwestern Romania,municipiu of Romania,NA,NA
RO_143450,Piața Cibin,RO,Q167640,0,NA,,,1,0,1,NA,d6aec579d877e5bdcd630b175d4a3b59,2022-11-11T09:38:36Z,Cibin River,river in Romania,river,NA,NA
RO_143450,Piața Aurel Vlaicu,RO,Q781514,1,male,,,1,0,1,NA,d6aec579d877e5bdcd630b175d4a3b59,2022-11-11T09:37:53Z,Aurel Vlaicu,Romanian aviation pioneer,human,+1882-11-19T00:00:00Z,+1913-09-13T00:00:00Z
RO_143450,Piața Aurarilor,RO,NA,0,NA,,,1,0,1,NA,d6aec579d877e5bdcd630b175d4a3b59,2022-11-11T09:37:39Z,NA,NA,NA,NA,NA
RO_143450,Piața Armelor,RO,NA,0,NA,,,1,0,1,NA,d6aec579d877e5bdcd630b175d4a3b59,2022-11-11T09:37:20Z,NA,NA,NA,NA,NA
RO_143450,Piata Armelor,RO,NA,0,NA,,,1,0,1,NA,d6aec579d877e5bdcd630b175d4a3b59,2022-11-11T09:37:12Z,NA,NA,NA,NA,NA
RO_143450,Piața Albert Huet,RO,Q577820,1,male,,,1,0,1,NA,d6aec579d877e5bdcd630b175d4a3b59,2022-11-11T09:37:08Z,Albert Huet,Hungarian judge (1537-1607),human,+1537-00-00T00:00:00Z,+1607-04-23T00:00:00Z
RO_143450,Piața 1 Decembrie 1918,RO,Q61081194,0,NA,,,1,0,1,NA,d6aec579d877e5bdcd630b175d4a3b59,2022-11-11T09:36:07Z,Great Union,1918 unification of the Kingdom of Romania with most ethnically Romanian territories,NA,NA,NA
RO_143450,Pasajul Tălmaciu,RO,Q679428,0,NA,,,1,0,1,NA,d6aec579d877e5bdcd630b175d4a3b59,2022-11-11T09:35:27Z,Tălmaciu,"town in Sibiu County, Romania",town in Romania,NA,NA
RO_143450,Pasajul Spitalului,RO,Q16917,0,NA,,,1,0,1,NA,d6aec579d877e5bdcd630b175d4a3b59,2022-11-11T09:34:33Z,hospital,"health care facility, for individual buildings use hospital building, for organizations use medical organization",NA,NA,NA
RO_143450,Pasajul Școlii,RO,NA,0,NA,,,1,0,1,NA,d6aec579d877e5bdcd630b175d4a3b59,2022-11-11T09:34:18Z,NA,NA,NA,NA,NA
RO_143450,Pasajul Scărilor,RO,NA,0,NA,,,1,0,1,NA,d6aec579d877e5bdcd630b175d4a3b59,2022-11-11T09:33:53Z,NA,NA,NA,NA,NA
RO_143450,Pasajul Petőfi Sándor,RO,Q81219,1,male,,,1,0,1,NA,d6aec579d877e5bdcd630b175d4a3b59,2022-11-11T09:27:00Z,Sándor Petőfi,Hungarian poet and liberal revolutionary,human,+1823-01-01T00:00:00Z,+1849-07-31T00:00:00Z
RO_143450,Pasajul Aurarilor,RO,NA,0,NA,,,1,0,1,NA,d6aec579d877e5bdcd630b175d4a3b59,2022-11-11T09:26:43Z,NA,NA,NA,NA,NA
RO_143450,Pasaj pietonal subteran Piața Unirii,RO,NA,NA,NA,NA,NA,1,1,1,NA,d6aec579d877e5bdcd630b175d4a3b59,2022-11-11T09:26:15Z,NA,NA,NA,NA,NA
RO_143450,Paralel cu drumul,RO,NA,NA,NA,NA,NA,1,1,1,NA,d6aec579d877e5bdcd630b175d4a3b59,2022-11-11T09:26:12Z,NA,NA,NA,NA,NA
RO_143450,Padurea Dumbrava,RO,Q5313744,0,NA,,,1,0,1,NA,d6aec579d877e5bdcd630b175d4a3b59,2022-11-11T09:26:07Z,Dumbrava Sibiului Natural Park,protected area in Romania (2.706.),protected area,NA,NA
RO_143450,McDrive,RO,NA,NA,NA,NA,NA,1,1,1,NA,d6aec579d877e5bdcd630b175d4a3b59,2022-11-11T09:25:46Z,NA,NA,NA,NA,NA
RO_143450,Intrarea Siretului,RO,Q208302,0,NA,,,1,0,1,NA,d6aec579d877e5bdcd630b175d4a3b59,2022-11-11T09:25:20Z,Siret River,river in Romania and Ukraine,river,NA,NA
RO_143450,Intrarea Arieșului,RO,Q660435,0,NA,,,1,0,1,NA,d6aec579d877e5bdcd630b175d4a3b59,2022-11-11T09:24:48Z,Arieș River,"tributary of Mureș River in Transylvania, Romania",river,NA,NA
RO_143450,Habermann Markt,RO,NA,0,NA,,,1,0,1,NA,d6aec579d877e5bdcd630b175d4a3b59,2022-11-11T09:24:29Z,NA,NA,NA,NA,NA
RO_143450,Fundătura Lânii,RO,NA,0,NA,,,1,0,1,NA,d6aec579d877e5bdcd630b175d4a3b59,2022-11-11T09:23:50Z,NA,NA,NA,NA,NA
RO_143450,Fundătura Brazilor,RO,NA,0,NA,,,1,0,1,NA,d6aec579d877e5bdcd630b175d4a3b59,2022-11-11T09:23:09Z,NA,NA,NA,NA,NA
RO_143450,Drumul Ocnei,RO,Q186719,0,NA,,,1,0,1,NA,d6aec579d877e5bdcd630b175d4a3b59,2022-11-11T09:22:52Z,Ocna Sibiului,"town in Sibiu County, Romania",town in Romania,NA,NA
RO_143450,Deal Poplaca - Calea Poplacii,RO,NA,NA,NA,NA,NA,1,1,1,NA,d6aec579d877e5bdcd630b175d4a3b59,2022-11-11T09:22:21Z,NA,NA,NA,NA,NA
RO_143450,Calea Turnișorului,RO,Q493113,0,NA,,,1,0,1,NA,d6aec579d877e5bdcd630b175d4a3b59,2022-11-11T09:21:55Z,Turnișor,"residential district of Sibiu, Romania",NA,NA,NA
RO_143450,Calea Șurii Mici,RO,Q5059486,0,NA,,,1,0,1,NA,d6aec579d877e5bdcd630b175d4a3b59,2022-11-11T09:21:29Z,Șura Mică,"commune in Sibiu County, Romania",commune of Romania,NA,NA
RO_143450,Calea Șurii Mari,RO,Q5059532,0,NA,,,1,0,1,NA,d6aec579d877e5bdcd630b175d4a3b59,2022-11-11T09:21:02Z,Șura Mare,"commune in Sibiu County, Romania",commune of Romania,NA,NA
RO_143450,Calea Rășinari,RO,Q5059649,0,NA,,,1,0,1,NA,d6aec579d877e5bdcd630b175d4a3b59,2022-11-11T09:20:32Z,Rășinari,"commune in Sibiu County, Romania",commune of Romania,NA,NA
RO_143450,Calea Poplăcii,RO,Q5056058,0,NA,,,1,0,1,NA,d6aec579d877e5bdcd630b175d4a3b59,2022-11-11T09:19:52Z,Poplaca,"commune in Sibiu County, Romania",commune of Romania,NA,NA
RO_143450,Calea Gușteriței,RO,Q639873,0,NA,,,1,0,1,NA,d6aec579d877e5bdcd630b175d4a3b59,2022-11-11T09:19:34Z,Gușterița,NA,NA,NA,NA
RO_143450,Calea Dumbrăvii - Cimitir,RO,NA,NA,NA,NA,NA,1,1,1,NA,d6aec579d877e5bdcd630b175d4a3b59,2022-11-11T09:16:33Z,NA,NA,NA,NA,NA
RO_143450,Calea Dumbrăvii,RO,NA,0,NA,,,1,0,1,NA,d6aec579d877e5bdcd630b175d4a3b59,2022-11-11T09:16:30Z,NA,NA,NA,NA,NA
RO_143450,Calea Cisnădiei,RO,Q837173,0,NA,,,1,0,1,NA,d6aec579d877e5bdcd630b175d4a3b59,2022-11-11T09:16:25Z,Cisnădie,"town in Sibiu County, Romania",town in Romania,NA,NA
RO_143450,Bulevardul Victoriei,RO,NA,0,NA,,,1,0,1,NA,d6aec579d877e5bdcd630b175d4a3b59,2022-11-11T09:15:54Z,NA,NA,NA,NA,NA
RO_143450,Bulevardul Vasile Milea,RO,Q1365612,1,male,,,1,0,1,NA,d6aec579d877e5bdcd630b175d4a3b59,2022-11-11T09:15:31Z,Vasile Milea,Romanian general and politician (1927-1989),human,+1927-01-01T00:00:00Z,+1989-12-22T00:00:00Z
RO_143450,Bulevardul Mihai Viteazul,RO,Q118755,1,male,,,1,0,1,NA,d6aec579d877e5bdcd630b175d4a3b59,2022-11-11T09:15:13Z,Michael the Brave,"Romanian prince of Wallachia, Transylvania and Moldavia",human,+1558-01-01T00:00:00Z,+1601-08-19T00:00:00Z
RO_143450,Bulevardul General Vasile Milea,RO,Q1365612,1,male,,,1,0,1,NA,d6aec579d877e5bdcd630b175d4a3b59,2022-11-11T09:15:00Z,Vasile Milea,Romanian general and politician (1927-1989),human,+1927-01-01T00:00:00Z,+1989-12-22T00:00:00Z
RO_143450,Aleea Valea Săpunului,RO,Q7910393,0,NA,,,1,0,1,NA,d6aec579d877e5bdcd630b175d4a3b59,2022-11-11T09:14:45Z,Valea Săpunului River,river in Romania,river,NA,NA
RO_143450,Aleea Valea Frumoasei,RO,NA,0,NA,,,1,0,1,NA,d6aec579d877e5bdcd630b175d4a3b59,2022-11-11T09:14:09Z,NA,NA,NA,NA,NA
RO_143450,Aleea Turnu Roșu,RO,Q3918303,0,NA,,,1,0,1,NA,d6aec579d877e5bdcd630b175d4a3b59,2022-11-11T09:14:03Z,Turnu Roșu,"commune in Sibiu County, Romania",commune of Romania,NA,NA
RO_143450,Aleea Tizian,RO,Q47551,1,male,,,1,0,1,NA,d6aec579d877e5bdcd630b175d4a3b59,2022-11-11T09:13:45Z,Titian,Italian painter (c.1490-1576),human,+1490-00-00T00:00:00Z,+1576-08-27T00:00:00Z
RO_143450,Aleea Țesătorilor,RO,NA,0,NA,,,1,0,1,NA,d6aec579d877e5bdcd630b175d4a3b59,2022-11-11T09:13:20Z,NA,NA,NA,NA,NA
RO_143450,Aleea Târgul Cailor,RO,NA,0,NA,,,1,0,1,NA,d6aec579d877e5bdcd630b175d4a3b59,2022-11-11T09:13:01Z,NA,NA,NA,NA,NA
RO_143450,Aleea Taberei,RO,NA,0,NA,,,1,0,1,NA,d6aec579d877e5bdcd630b175d4a3b59,2022-11-11T09:12:40Z,NA,NA,NA,NA,NA
RO_143450,Aleea Streiu,RO,Q7623194,0,NA,,,1,0,1,NA,d6aec579d877e5bdcd630b175d4a3b59,2022-11-11T09:12:34Z,Streiu River,river in Romania,river,NA,NA
RO_143450,Aleea Șteaza,RO,Q8083888,0,NA,,,1,0,1,NA,d6aec579d877e5bdcd630b175d4a3b59,2022-11-11T09:10:32Z,Șteaza River,"in Sibiu County, Romania",river,NA,NA
RO_143450,Aleea Sibiel,RO,Q726219,0,NA,,,1,0,1,NA,d6aec579d877e5bdcd630b175d4a3b59,2022-11-11T09:10:11Z,Sibiel,"locality in Sibiu County, Romania",constituent locality,NA,NA
RO_143450,Aleea Seviș,RO,NA,0,NA,,,1,0,1,NA,d6aec579d877e5bdcd630b175d4a3b59,2022-11-11T09:09:52Z,NA,NA,NA,NA,NA
RO_143450,Aleea Șelimbăr,RO,Q3404145,0,NA,,,1,0,1,NA,d6aec579d877e5bdcd630b175d4a3b59,2022-11-11T09:09:23Z,Șelimbăr,"commune in Sibiu County, Romania",commune of Romania,NA,NA
RO_143450,Aleea Rusciorului,RO,NA,0,NA,,,1,0,1,NA,d6aec579d877e5bdcd630b175d4a3b59,2022-11-11T09:08:48Z,NA,NA,NA,NA,NA
RO_143450,Aleea Roșiorilor,RO,NA,0,NA,,,1,0,1,NA,d6aec579d877e5bdcd630b175d4a3b59,2022-11-11T09:01:37Z,NA,NA,NA,NA,NA
RO_143450,Aleea Rafael,RO,Q5597,1,male,,,1,0,1,NA,d6aec579d877e5bdcd630b175d4a3b59,2022-11-11T09:01:10Z,Raphael,Italian painter and architect (1483–1520),human,+1483-04-06T00:00:00Z,+1520-04-06T00:00:00Z
RO_143450,Aleea Principală,RO,NA,0,NA,,,1,0,1,NA,d6aec579d877e5bdcd630b175d4a3b59,2022-11-11T09:00:54Z,NA,NA,NA,NA,NA
RO_143450,Aleea Petuniei,RO,Q161103,0,NA,,,1,0,1,NA,d6aec579d877e5bdcd630b175d4a3b59,2022-11-11T09:00:34Z,Petunia,genus of flowering plants,taxon,NA,NA
RO_143450,Aleea Parcul Cetății,RO,NA,0,NA,,,1,0,1,NA,d6aec579d877e5bdcd630b175d4a3b59,2022-11-11T09:00:18Z,NA,NA,NA,NA,NA
RO_143450,Aleea Pajiștei,RO,NA,0,NA,,,1,0,1,NA,d6aec579d877e5bdcd630b175d4a3b59,2022-11-11T09:00:14Z,NA,NA,NA,NA,NA
RO_143450,Aleea Nicolae Tonitza,RO,Q733762,1,male,culture,,1,0,1,NA,d6aec579d877e5bdcd630b175d4a3b59,2022-11-11T09:00:01Z,Nicolae Tonitza,Romanian painter (1886-1940),human,+1886-04-13T00:00:00Z,+1940-02-27T00:00:00Z
RO_143450,Aleea Monet,RO,Q296,1,male,,,1,0,1,NA,d6aec579d877e5bdcd630b175d4a3b59,2022-11-11T08:59:35Z,Claude Monet,French impressionist painter (1840-1926),human,+1840-11-14T00:00:00Z,+1926-12-05T00:00:00Z
RO_143450,Aleea Mihai Eminescu,RO,Q184935,1,male,,,1,0,1,NA,d6aec579d877e5bdcd630b175d4a3b59,2022-11-11T08:59:17Z,Mihai Eminescu,"Romanian poet, novelist and journalist (1850-1889)",human,+1850-01-15T00:00:00Z,+1889-06-15T00:00:00Z
RO_143450,Aleea Infanteristilor,RO,NA,0,NA,,,1,0,1,NA,d6aec579d877e5bdcd630b175d4a3b59,2022-11-11T08:59:03Z,NA,NA,NA,NA,NA
RO_143450,Aleea Iasomiei,RO,NA,0,NA,,,1,0,1,NA,d6aec579d877e5bdcd630b175d4a3b59,2022-11-11T08:59:00Z,NA,NA,NA,NA,NA
RO_143450,Aleea Geniștilor,RO,NA,0,NA,,,1,0,1,NA,d6aec579d877e5bdcd630b175d4a3b59,2022-11-11T08:58:54Z,NA,NA,NA,NA,NA
RO_143450,Aleea Frații Buzești,RO,Q25459719,1,male,,,1,0,3,NA,d6aec579d877e5bdcd630b175d4a3b59,2022-11-11T08:58:16Z,Stroe Buzescu,NA,human,+1550-00-00T00:00:00Z,+1602-10-02T00:00:00Z
RO_143450,Aleea Frații Buzești,RO,Q12738437,1,male,,,1,0,3,NA,d6aec579d877e5bdcd630b175d4a3b59,2022-11-11T08:57:21Z,Preda Buzescu,NA,human,+1550-00-00T00:00:00Z,+1608-00-00T00:00:00Z
RO_143450,Aleea Frații Buzești,RO,Q28726062,1,male,,,1,0,3,NA,d6aec579d877e5bdcd630b175d4a3b59,2022-11-11T08:56:33Z,Radu Buzescu,NA,human,+1550-00-00T00:00:00Z,NA
RO_143450,Aleea Fântânele,RO,NA,0,NA,,,1,0,1,NA,d6aec579d877e5bdcd630b175d4a3b59,2022-11-11T08:55:27Z,NA,NA,NA,NA,NA
RO_143450,Aleea Crăițelor,RO,NA,0,NA,,,1,0,1,NA,d6aec579d877e5bdcd630b175d4a3b59,2022-11-11T08:54:59Z,NA,NA,NA,NA,NA
RO_143450,Aleea Filozofilor,RO,Q4964182,0,NA,,,1,0,1,NA,55ed847a6c94e58e8aefe36a77836a3c,2022-10-04T09:55:53Z,philosopher,person with an extensive knowledge of philosophy,occupation,NA,NA
RO_143450,Aleea Călăreților,RO,Q2730732,0,NA,,,1,0,1,NA,55ed847a6c94e58e8aefe36a77836a3c,2022-10-04T09:53:16Z,equestrian,sportsperson who rides horses,profession,NA,NA
RO_143450,Aleea Călărașilor,RO,NA,0,NA,,,1,0,1,NA,55ed847a6c94e58e8aefe36a77836a3c,2022-10-04T09:52:41Z,NA,NA,NA,NA,NA
RO_143450,Aleea Buia,RO,Q303636,0,NA,,,1,0,1,NA,55ed847a6c94e58e8aefe36a77836a3c,2022-10-04T09:51:47Z,Buia,"village in Sibiu County, Romania",village,NA,NA
RO_143450,Aleea Biruinței,RO,NA,0,NA,,,1,0,1,NA,55ed847a6c94e58e8aefe36a77836a3c,2022-10-04T09:51:26Z,NA,NA,NA,NA,NA
RO_143450,Aleea Artileriștilor,RO,Q4070283,0,NA,,,1,0,1,NA,55ed847a6c94e58e8aefe36a77836a3c,2022-10-04T09:48:13Z,gunneur,person who operates artillery,military profession,NA,NA
RO_143450,Alea haiducului,RO,Q217731,0,NA,,,1,0,1,NA,55ed847a6c94e58e8aefe36a77836a3c,2022-10-04T09:47:54Z,hajduk,peasant irregular infantry found in Central and Southeast Europe from the early 17th to mid 19th centuries,occupation,NA,NA
